{
  "cache_dir": "cache/retrospective",
  "model_types": [
    "ensemble",
    "xgboost",
    "rf",
    "naive",
    "linear"
  ],
  "per_site": {
    "Copalis": {
      "ensemble": {
        "r2": 0.7746519162627589,
        "mae": 2.8765927933452358,
        "n": 148
      },
      "xgboost": {
        "r2": 0.7420945509530075,
        "mae": 2.8781168930912386,
        "n": 148
      },
      "rf": {
        "r2": 0.7559683413505794,
        "mae": 2.965964098287418,
        "n": 148
      },
      "naive": {
        "r2": 0.7300458427583625,
        "mae": 3.054054054054054,
        "n": 148
      },
      "linear": {
        "r2": 0.7074346411547474,
        "mae": 2.9879833507093054,
        "n": 148
      }
    },
    "Twin Harbors": {
      "ensemble": {
        "r2": 0.8128350091188183,
        "mae": 4.385575999803956,
        "n": 120
      },
      "xgboost": {
        "r2": 0.5093925948990645,
        "mae": 5.720310025835122,
        "n": 120
      },
      "rf": {
        "r2": 0.5147203869557719,
        "mae": 5.701946963727638,
        "n": 120
      },
      "naive": {
        "r2": 0.7912415380067184,
        "mae": 4.875,
        "n": 120
      },
      "linear": {
        "r2": 0.5104890387334273,
        "mae": 5.785060706592137,
        "n": 120
      }
    },
    "Quinault": {
      "ensemble": {
        "r2": 0.6611516731903276,
        "mae": 4.7129398377549,
        "n": 96
      },
      "xgboost": {
        "r2": 0.5059322711262912,
        "mae": 5.207166206915481,
        "n": 96
      },
      "rf": {
        "r2": 0.49021488845200956,
        "mae": 5.4310386760184,
        "n": 96
      },
      "naive": {
        "r2": 0.6137478125298291,
        "mae": 5.416666666666667,
        "n": 96
      },
      "linear": {
        "r2": 0.48669143406598636,
        "mae": 5.372988945845708,
        "n": 96
      }
    },
    "Long Beach": {
      "ensemble": {
        "r2": 0.6512640354640503,
        "mae": 3.7132815764537472,
        "n": 117
      },
      "xgboost": {
        "r2": 0.6330697826648406,
        "mae": 3.7416904211833946,
        "n": 117
      },
      "rf": {
        "r2": 0.6179669504226775,
        "mae": 3.823109996285614,
        "n": 117
      },
      "naive": {
        "r2": 0.5019457548291828,
        "mae": 4.444444444444445,
        "n": 117
      },
      "linear": {
        "r2": 0.5752492968890315,
        "mae": 3.940918258753857,
        "n": 117
      }
    },
    "Kalaloch": {
      "ensemble": {
        "r2": 0.6796673441223278,
        "mae": 2.471568750174708,
        "n": 120
      },
      "xgboost": {
        "r2": 0.5862491745197829,
        "mae": 2.713065584997336,
        "n": 120
      },
      "rf": {
        "r2": 0.6182589800845057,
        "mae": 2.5461373077836327,
        "n": 120
      },
      "naive": {
        "r2": 0.6887216840841747,
        "mae": 2.4833333333333334,
        "n": 120
      },
      "linear": {
        "r2": 0.6604417570665113,
        "mae": 2.7048803536957235,
        "n": 120
      }
    },
    "Clatsop Beach": {
      "ensemble": {
        "r2": 0.3817109993952903,
        "mae": 6.642205343396092,
        "n": 192
      },
      "xgboost": {
        "r2": 0.383118525424024,
        "mae": 6.639851081922785,
        "n": 192
      },
      "rf": {
        "r2": 0.33810249118877833,
        "mae": 6.958040343883034,
        "n": 192
      },
      "naive": {
        "r2": -0.01579839758536128,
        "mae": 7.6125,
        "n": 192
      },
      "linear": {
        "r2": 0.31805182917885455,
        "mae": 6.673944801060165,
        "n": 192
      }
    },
    "Cannon Beach": {
      "ensemble": {
        "r2": -0.39429358478975507,
        "mae": 1.0250402300060428,
        "n": 61
      },
      "xgboost": {
        "r2": 0.020799686674566553,
        "mae": 0.8958116528361452,
        "n": 61
      },
      "rf": {
        "r2": 0.018764521009484225,
        "mae": 0.8820328513238934,
        "n": 61
      },
      "naive": {
        "r2": -10.66314415805186,
        "mae": 1.986885245901639,
        "n": 61
      },
      "linear": {
        "r2": 0.006162416069338539,
        "mae": 1.023084197396641,
        "n": 61
      }
    },
    "Gold Beach": {
      "ensemble": {
        "r2": -0.024645738078283852,
        "mae": 7.814932176000197,
        "n": 135
      },
      "xgboost": {
        "r2": -0.024645738078283852,
        "mae": 7.814932176000197,
        "n": 135
      },
      "rf": {
        "r2": -0.057239289325283105,
        "mae": 7.947682485566148,
        "n": 135
      },
      "naive": {
        "r2": -1.5997203881673219,
        "mae": 11.494814814814815,
        "n": 135
      },
      "linear": {
        "r2": -0.06034250912811512,
        "mae": 8.435239959537615,
        "n": 135
      }
    },
    "Coos Bay": {
      "ensemble": {
        "r2": 0.3726012863461934,
        "mae": 27.19193089506392,
        "n": 62
      },
      "xgboost": {
        "r2": 0.3262565366639013,
        "mae": 28.744013883076832,
        "n": 62
      },
      "rf": {
        "r2": 0.3726012863461934,
        "mae": 27.19193089506392,
        "n": 62
      },
      "naive": {
        "r2": -0.33887323959755067,
        "mae": 36.06935483870967,
        "n": 62
      },
      "linear": {
        "r2": 0.39252587101894365,
        "mae": 26.399079698920552,
        "n": 62
      }
    },
    "Newport": {
      "ensemble": {
        "r2": 0.08915534424312133,
        "mae": 8.170918271186512,
        "n": 126
      },
      "xgboost": {
        "r2": 0.08915534424312133,
        "mae": 8.170918271186512,
        "n": 126
      },
      "rf": {
        "r2": 0.16872235501921296,
        "mae": 7.964283516805318,
        "n": 126
      },
      "naive": {
        "r2": -0.04391616719944591,
        "mae": 8.77936507936508,
        "n": 126
      },
      "linear": {
        "r2": 0.1807814257967837,
        "mae": 9.734809429209248,
        "n": 126
      }
    }
  }
}