{
  "cache_dir": "cache_seed123/retrospective",
  "model_types": [
    "ensemble",
    "xgboost",
    "rf",
    "naive",
    "linear"
  ],
  "per_site": {
    "Copalis": {
      "ensemble": {
        "r2": 0.820041026856223,
        "mae": 2.6266850037328853,
        "n": 277
      },
      "xgboost": {
        "r2": 0.7815675282890636,
        "mae": 2.7477718944247904,
        "n": 277
      },
      "rf": {
        "r2": 0.7913311851307472,
        "mae": 2.805338223500209,
        "n": 277
      },
      "naive": {
        "r2": 0.7856189051691054,
        "mae": 2.8194945848375452,
        "n": 277
      },
      "linear": {
        "r2": 0.7705235031271692,
        "mae": 2.8703186032119707,
        "n": 277
      }
    },
    "Twin Harbors": {
      "ensemble": {
        "r2": 0.8164516738342422,
        "mae": 3.780753115278337,
        "n": 225
      },
      "xgboost": {
        "r2": 0.5855776020361583,
        "mae": 4.65671232484654,
        "n": 225
      },
      "rf": {
        "r2": 0.5933731214095556,
        "mae": 4.660222404245338,
        "n": 225
      },
      "naive": {
        "r2": 0.7841554438951769,
        "mae": 4.191111111111111,
        "n": 225
      },
      "linear": {
        "r2": 0.5838930379196043,
        "mae": 4.77489842630435,
        "n": 225
      }
    },
    "Quinault": {
      "ensemble": {
        "r2": 0.7189488097690644,
        "mae": 3.745296588836127,
        "n": 181
      },
      "xgboost": {
        "r2": 0.5882140003570324,
        "mae": 4.044390670942375,
        "n": 181
      },
      "rf": {
        "r2": 0.5817167811890245,
        "mae": 4.13177376108745,
        "n": 181
      },
      "naive": {
        "r2": 0.7020003663357268,
        "mae": 4.370165745856354,
        "n": 181
      },
      "linear": {
        "r2": 0.5783750782633448,
        "mae": 4.203854966495561,
        "n": 181
      }
    },
    "Long Beach": {
      "ensemble": {
        "r2": 0.645006802990202,
        "mae": 4.397882273956409,
        "n": 209
      },
      "xgboost": {
        "r2": 0.6330176829813267,
        "mae": 4.4273855213139734,
        "n": 209
      },
      "rf": {
        "r2": 0.62445384627216,
        "mae": 4.525146917719081,
        "n": 209
      },
      "naive": {
        "r2": 0.6068819070647984,
        "mae": 4.784688995215311,
        "n": 209
      },
      "linear": {
        "r2": 0.6026833931865649,
        "mae": 4.610003435535359,
        "n": 209
      }
    },
    "Kalaloch": {
      "ensemble": {
        "r2": 0.6067553665615628,
        "mae": 3.45117119799229,
        "n": 235
      },
      "xgboost": {
        "r2": 0.4686057545701571,
        "mae": 3.8176611769807876,
        "n": 235
      },
      "rf": {
        "r2": 0.48128999047714816,
        "mae": 3.7643681389953083,
        "n": 235
      },
      "naive": {
        "r2": 0.49300927878339185,
        "mae": 3.9361702127659575,
        "n": 235
      },
      "linear": {
        "r2": 0.4932339970496483,
        "mae": 3.9788421415237427,
        "n": 235
      }
    },
    "Clatsop Beach": {
      "ensemble": {
        "r2": 0.2955843445328875,
        "mae": 6.1537899622303796,
        "n": 354
      },
      "xgboost": {
        "r2": 0.29804275487403364,
        "mae": 6.1448789577284435,
        "n": 354
      },
      "rf": {
        "r2": 0.23195415348877158,
        "mae": 6.605479014509133,
        "n": 354
      },
      "naive": {
        "r2": -0.08510806188063813,
        "mae": 7.21497175141243,
        "n": 354
      },
      "linear": {
        "r2": 0.22952128579961173,
        "mae": 6.389785785941873,
        "n": 354
      }
    },
    "Cannon Beach": {
      "ensemble": {
        "r2": 0.14810961902462816,
        "mae": 3.648081553182267,
        "n": 116
      },
      "xgboost": {
        "r2": -0.04524575730413316,
        "mae": 3.942190359542028,
        "n": 116
      },
      "rf": {
        "r2": -0.04358957463674851,
        "mae": 3.883572869565757,
        "n": 116
      },
      "naive": {
        "r2": 0.4007589824824511,
        "mae": 3.89051724137931,
        "n": 116
      },
      "linear": {
        "r2": -0.04274293449491395,
        "mae": 4.088372319228236,
        "n": 116
      }
    },
    "Gold Beach": {
      "ensemble": {
        "r2": 0.03652795511824214,
        "mae": 7.814873255328719,
        "n": 257
      },
      "xgboost": {
        "r2": 0.03652795511824214,
        "mae": 7.814873255328719,
        "n": 257
      },
      "rf": {
        "r2": 0.05658290731360027,
        "mae": 7.7934238684833925,
        "n": 257
      },
      "naive": {
        "r2": -1.5536331832887131,
        "mae": 11.864591439688715,
        "n": 257
      },
      "linear": {
        "r2": 0.06585051265986364,
        "mae": 8.32347489075479,
        "n": 257
      }
    },
    "Coos Bay": {
      "ensemble": {
        "r2": -0.042143309301191145,
        "mae": 24.491392265351326,
        "n": 109
      },
      "xgboost": {
        "r2": -0.03719742500975243,
        "mae": 24.794486743562597,
        "n": 109
      },
      "rf": {
        "r2": -0.042143309301191145,
        "mae": 24.491392265351326,
        "n": 109
      },
      "naive": {
        "r2": -1.1285577813695769,
        "mae": 31.57064220183486,
        "n": 109
      },
      "linear": {
        "r2": -0.03801799564105535,
        "mae": 24.43832381839525,
        "n": 109
      }
    },
    "Newport": {
      "ensemble": {
        "r2": -0.2956650141937187,
        "mae": 10.506445585106665,
        "n": 218
      },
      "xgboost": {
        "r2": -0.2956650141937187,
        "mae": 10.506445585106665,
        "n": 218
      },
      "rf": {
        "r2": -0.33230268907671423,
        "mae": 10.722047672027522,
        "n": 218
      },
      "naive": {
        "r2": -1.225560797681028,
        "mae": 13.424311926605505,
        "n": 218
      },
      "linear": {
        "r2": -0.27190300150554414,
        "mae": 12.270970018585484,
        "n": 218
      }
    }
  }
}