{
  "threshold": 20.0,
  "cache_dir": "cache/retrospective",
  "results": {
    "Copalis": {
      "n": 148,
      "n_spikes": 17,
      "precision": 0.7058823529411765,
      "recall": 0.7058823529411765,
      "f1": 0.7058823529411765,
      "tp": 12,
      "fp": 5,
      "fn": 5,
      "tn": 126,
      "f1_ci_lo": 0.5,
      "f1_ci_hi": 0.863667076167076
    },
    "Twin Harbors": {
      "n": 120,
      "n_spikes": 23,
      "precision": 0.782608695652174,
      "recall": 0.782608695652174,
      "f1": 0.782608695652174,
      "tp": 18,
      "fp": 5,
      "fn": 5,
      "tn": 92,
      "f1_ci_lo": 0.6285714285714286,
      "f1_ci_hi": 0.9019924098671726
    },
    "Quinault": {
      "n": 96,
      "n_spikes": 11,
      "precision": 0.375,
      "recall": 0.5454545454545454,
      "f1": 0.4444444444444444,
      "tp": 6,
      "fp": 10,
      "fn": 5,
      "tn": 75,
      "f1_ci_lo": 0.18168449197860964,
      "f1_ci_hi": 0.6666666666666666
    },
    "Long Beach": {
      "n": 117,
      "n_spikes": 17,
      "precision": 0.5909090909090909,
      "recall": 0.7647058823529411,
      "f1": 0.6666666666666666,
      "tp": 13,
      "fp": 9,
      "fn": 4,
      "tn": 91,
      "f1_ci_lo": 0.47368421052631576,
      "f1_ci_hi": 0.8205128205128205
    },
    "Kalaloch": {
      "n": 120,
      "n_spikes": 10,
      "precision": 0.5,
      "recall": 0.5,
      "f1": 0.5,
      "tp": 5,
      "fp": 5,
      "fn": 5,
      "tn": 105,
      "f1_ci_lo": 0.18181818181818182,
      "f1_ci_hi": 0.7368421052631579
    },
    "Clatsop Beach": {
      "n": 192,
      "n_spikes": 19,
      "precision": 0.6363636363636364,
      "recall": 0.7368421052631579,
      "f1": 0.6829268292682927,
      "tp": 14,
      "fp": 8,
      "fn": 5,
      "tn": 165,
      "f1_ci_lo": 0.5,
      "f1_ci_hi": 0.8333333333333334
    },
    "Cannon Beach": {
      "n": 61,
      "n_spikes": 0,
      "precision": NaN,
      "recall": NaN,
      "f1": NaN,
      "tp": 0,
      "fp": 0,
      "fn": 0,
      "tn": 61,
      "f1_ci_lo": NaN,
      "f1_ci_hi": NaN
    },
    "Gold Beach": {
      "n": 135,
      "n_spikes": 7,
      "precision": 0.23076923076923078,
      "recall": 0.42857142857142855,
      "f1": 0.3,
      "tp": 3,
      "fp": 10,
      "fn": 4,
      "tn": 118,
      "f1_ci_lo": 0.0,
      "f1_ci_hi": 0.5555555555555556
    },
    "Coos Bay": {
      "n": 62,
      "n_spikes": 25,
      "precision": 0.6206896551724138,
      "recall": 0.72,
      "f1": 0.6666666666666666,
      "tp": 18,
      "fp": 11,
      "fn": 7,
      "tn": 26,
      "f1_ci_lo": 0.5,
      "f1_ci_hi": 0.7936507936507936
    },
    "Newport": {
      "n": 126,
      "n_spikes": 16,
      "precision": 0.5,
      "recall": 0.25,
      "f1": 0.3333333333333333,
      "tp": 4,
      "fp": 4,
      "fn": 12,
      "tn": 106,
      "f1_ci_lo": 0.08333333333333333,
      "f1_ci_hi": 0.5625
    },
    "Overall": {
      "n": 1177,
      "n_spikes": 145,
      "precision": 0.58125,
      "recall": 0.6413793103448275,
      "f1": 0.6098360655737705,
      "tp": 93,
      "fp": 67,
      "fn": 52,
      "tn": 965,
      "f1_ci_lo": 0.5442164851806447,
      "f1_ci_hi": 0.6739160461205861
    }
  }
}