{
  "baseline": {
    "overall": {
      "r2": 0.4570603475545606,
      "mae": 6.154436205325405,
      "rmse": 15.815790944047198,
      "n": 1177
    },
    "per_site": {
      "Cannon Beach": {
        "r2": -0.39429358478975507,
        "mae": 1.0250402300060428,
        "n": 61
      },
      "Clatsop Beach": {
        "r2": 0.3817109993952903,
        "mae": 6.642205343396092,
        "n": 192
      },
      "Coos Bay": {
        "r2": 0.3726012863461934,
        "mae": 27.19193089506392,
        "n": 62
      },
      "Copalis": {
        "r2": 0.7746519162627589,
        "mae": 2.8765927933452358,
        "n": 148
      },
      "Gold Beach": {
        "r2": -0.024645738078283852,
        "mae": 7.814932176000197,
        "n": 135
      },
      "Kalaloch": {
        "r2": 0.6796673441223278,
        "mae": 2.471568750174708,
        "n": 120
      },
      "Long Beach": {
        "r2": 0.6512640354640503,
        "mae": 3.7132815764537472,
        "n": 117
      },
      "Newport": {
        "r2": 0.08915534424312133,
        "mae": 8.170918271186512,
        "n": 126
      },
      "Quinault": {
        "r2": 0.6611516731903276,
        "mae": 4.7129398377549,
        "n": 96
      },
      "Twin Harbors": {
        "r2": 0.8128350091188183,
        "mae": 4.385575999803956,
        "n": 120
      }
    }
  },
  "no_interpolated_training": {
    "overall": {
      "r2": 0.4140322211441293,
      "mae": 6.707500426431471,
      "rmse": 16.430546291602163,
      "n": 1177
    },
    "per_site": {
      "Cannon Beach": {
        "r2": -1.1192419168550578,
        "mae": 1.2443542313425888,
        "n": 61
      },
      "Clatsop Beach": {
        "r2": 0.27472180904625165,
        "mae": 8.976172792675465,
        "n": 192
      },
      "Coos Bay": {
        "r2": 0.31708339424565113,
        "mae": 27.89060429084498,
        "n": 62
      },
      "Copalis": {
        "r2": 0.7616459001012438,
        "mae": 2.8621625414344707,
        "n": 148
      },
      "Gold Beach": {
        "r2": -0.15462253099501666,
        "mae": 8.74737091805151,
        "n": 135
      },
      "Kalaloch": {
        "r2": 0.6941096514847538,
        "mae": 2.4708835898548793,
        "n": 120
      },
      "Long Beach": {
        "r2": 0.6702648951188162,
        "mae": 3.6742608379038977,
        "n": 117
      },
      "Newport": {
        "r2": 0.1105459649416225,
        "mae": 8.297638543080243,
        "n": 126
      },
      "Quinault": {
        "r2": 0.6817586685182214,
        "mae": 4.734381022409504,
        "n": 96
      },
      "Twin Harbors": {
        "r2": 0.8131485258648462,
        "mae": 4.460725317548718,
        "n": 120
      }
    }
  },
  "no_per_site_customization": {
    "overall": {
      "r2": 0.2700123200009127,
      "mae": 6.9125672267588225,
      "rmse": 18.338883886569644,
      "n": 1177
    },
    "per_site": {
      "Cannon Beach": {
        "r2": -8.245647836082835,
        "mae": 1.9216417459426933,
        "n": 61
      },
      "Clatsop Beach": {
        "r2": 0.2857618033990299,
        "mae": 6.78033900323215,
        "n": 192
      },
      "Coos Bay": {
        "r2": 0.08642790959828939,
        "mae": 31.451536545427608,
        "n": 62
      },
      "Copalis": {
        "r2": 0.7489018217059318,
        "mae": 3.719983045145884,
        "n": 148
      },
      "Gold Beach": {
        "r2": -0.6893180522291511,
        "mae": 9.525406051987398,
        "n": 135
      },
      "Kalaloch": {
        "r2": 0.5615885423398953,
        "mae": 3.5700804511963784,
        "n": 120
      },
      "Long Beach": {
        "r2": 0.7088531995711229,
        "mae": 3.800555300934905,
        "n": 117
      },
      "Newport": {
        "r2": 0.05524791814634944,
        "mae": 8.33855195178065,
        "n": 126
      },
      "Quinault": {
        "r2": 0.6920665833895004,
        "mae": 4.611810365070572,
        "n": 96
      },
      "Twin Harbors": {
        "r2": 0.7687500164427156,
        "mae": 4.700815432763069,
        "n": 120
      }
    }
  },
  "no_observation_order_lags": {
    "overall": {
      "r2": 0.45322887622855723,
      "mae": 6.255263994019084,
      "rmse": 15.871498071638309,
      "n": 1177
    },
    "per_site": {
      "Cannon Beach": {
        "r2": -0.3886205061331023,
        "mae": 1.0188505489392985,
        "n": 61
      },
      "Clatsop Beach": {
        "r2": 0.3822556097086933,
        "mae": 6.996814372216068,
        "n": 192
      },
      "Coos Bay": {
        "r2": 0.37095809221128384,
        "mae": 27.34074862193666,
        "n": 62
      },
      "Copalis": {
        "r2": 0.7734878912810343,
        "mae": 2.9201576514868175,
        "n": 148
      },
      "Gold Beach": {
        "r2": -0.05265853583910496,
        "mae": 7.971374936597476,
        "n": 135
      },
      "Kalaloch": {
        "r2": 0.6781811752529172,
        "mae": 2.470208940486621,
        "n": 120
      },
      "Long Beach": {
        "r2": 0.6531019408684356,
        "mae": 3.719056251459731,
        "n": 117
      },
      "Newport": {
        "r2": 0.08387572958568057,
        "mae": 8.24439147879658,
        "n": 126
      },
      "Quinault": {
        "r2": 0.6592134848143147,
        "mae": 4.746432432869162,
        "n": 96
      },
      "Twin Harbors": {
        "r2": 0.8117657478906408,
        "mae": 4.395471836882572,
        "n": 120
      }
    }
  },
  "no_derived_features": {
    "overall": {
      "r2": 0.455542461054389,
      "mae": 6.160078260620489,
      "rmse": 15.837883473283126,
      "n": 1177
    },
    "per_site": {
      "Cannon Beach": {
        "r2": -0.3998568729494423,
        "mae": 1.0222741489565623,
        "n": 61
      },
      "Clatsop Beach": {
        "r2": 0.37466898789162784,
        "mae": 6.605145249944193,
        "n": 192
      },
      "Coos Bay": {
        "r2": 0.3711140461903629,
        "mae": 27.261822425869177,
        "n": 62
      },
      "Copalis": {
        "r2": 0.7828668430866835,
        "mae": 2.848279206810933,
        "n": 148
      },
      "Gold Beach": {
        "r2": -0.03168973480108139,
        "mae": 7.864053637338734,
        "n": 135
      },
      "Kalaloch": {
        "r2": 0.6786225651373102,
        "mae": 2.4776980820925494,
        "n": 120
      },
      "Long Beach": {
        "r2": 0.6764164096776075,
        "mae": 3.644995820761618,
        "n": 117
      },
      "Newport": {
        "r2": 0.08514090948003283,
        "mae": 8.242867148478354,
        "n": 126
      },
      "Quinault": {
        "r2": 0.6591675005269275,
        "mae": 4.749591108633754,
        "n": 96
      },
      "Twin Harbors": {
        "r2": 0.8122211829928094,
        "mae": 4.400747163372636,
        "n": 120
      }
    }
  },
  "no_naive_in_ensemble": {
    "overall": {
      "r2": 0.41508455447866743,
      "mae": 6.336996313982677,
      "rmse": 16.415785939508737,
      "n": 1177
    },
    "per_site": {
      "Cannon Beach": {
        "r2": 0.01943107565106772,
        "mae": 0.8836538867959234,
        "n": 61
      },
      "Clatsop Beach": {
        "r2": 0.3817109993952903,
        "mae": 6.642205343396092,
        "n": 192
      },
      "Coos Bay": {
        "r2": 0.3726012863461934,
        "mae": 27.19193089506392,
        "n": 62
      },
      "Copalis": {
        "r2": 0.7420945509530075,
        "mae": 2.8781168930912386,
        "n": 148
      },
      "Gold Beach": {
        "r2": -0.024645738078283852,
        "mae": 7.814932176000197,
        "n": 135
      },
      "Kalaloch": {
        "r2": 0.6182589800845057,
        "mae": 2.5461373077836327,
        "n": 120
      },
      "Long Beach": {
        "r2": 0.6330697826648406,
        "mae": 3.7416904211833946,
        "n": 117
      },
      "Newport": {
        "r2": 0.08915534424312133,
        "mae": 8.170918271186512,
        "n": 126
      },
      "Quinault": {
        "r2": 0.50278093465963,
        "mae": 5.263953144059857,
        "n": 96
      },