{
  "threshold": 20.0,
  "cache_dir": "cache_seed123/retrospective",
  "results": {
    "Copalis": {
      "n": 277,
      "n_spikes": 30,
      "precision": 0.7142857142857143,
      "recall": 0.6666666666666666,
      "f1": 0.6896551724137931,
      "tp": 20,
      "fp": 8,
      "fn": 10,
      "tn": 239,
      "f1_ci_lo": 0.5416666666666666,
      "f1_ci_hi": 0.8148148148148148
    },
    "Twin Harbors": {
      "n": 225,
      "n_spikes": 37,
      "precision": 0.7272727272727273,
      "recall": 0.8648648648648649,
      "f1": 0.7901234567901234,
      "tp": 32,
      "fp": 12,
      "fn": 5,
      "tn": 176,
      "f1_ci_lo": 0.684931506849315,
      "f1_ci_hi": 0.875
    },
    "Quinault": {
      "n": 181,
      "n_spikes": 25,
      "precision": 0.6666666666666666,
      "recall": 0.8,
      "f1": 0.7272727272727273,
      "tp": 20,
      "fp": 10,
      "fn": 5,
      "tn": 146,
      "f1_ci_lo": 0.5833333333333334,
      "f1_ci_hi": 0.8524590163934426
    },
    "Long Beach": {
      "n": 209,
      "n_spikes": 36,
      "precision": 0.6486486486486487,
      "recall": 0.6666666666666666,
      "f1": 0.6575342465753424,
      "tp": 24,
      "fp": 13,
      "fn": 12,
      "tn": 160,
      "f1_ci_lo": 0.5151515151515151,
      "f1_ci_hi": 0.7714285714285715
    },
    "Kalaloch": {
      "n": 235,
      "n_spikes": 16,
      "precision": 0.5789473684210527,
      "recall": 0.6875,
      "f1": 0.6285714285714286,
      "tp": 11,
      "fp": 8,
      "fn": 5,
      "tn": 211,
      "f1_ci_lo": 0.4,
      "f1_ci_hi": 0.8
    },
    "Clatsop Beach": {
      "n": 354,
      "n_spikes": 37,
      "precision": 0.5,
      "recall": 0.4594594594594595,
      "f1": 0.4788732394366197,
      "tp": 17,
      "fp": 17,
      "fn": 20,
      "tn": 300,
      "f1_ci_lo": 0.3188405797101449,
      "f1_ci_hi": 0.6111111111111112
    },
    "Cannon Beach": {
      "n": 116,
      "n_spikes": 5,
      "precision": 0.0,
      "recall": 0.0,
      "f1": 0.0,
      "tp": 0,
      "fp": 0,
      "fn": 5,
      "tn": 111,
      "f1_ci_lo": 0.0,
      "f1_ci_hi": 0.0
    },
    "Gold Beach": {
      "n": 257,
      "n_spikes": 19,
      "precision": 0.3181818181818182,
      "recall": 0.3684210526315789,
      "f1": 0.34146341463414637,
      "tp": 7,
      "fp": 15,
      "fn": 12,
      "tn": 223,
      "f1_ci_lo": 0.15091981132075472,
      "f1_ci_hi": 0.52
    },
    "Coos Bay": {
      "n": 109,
      "n_spikes": 36,
      "precision": 0.525,
      "recall": 0.5833333333333334,
      "f1": 0.5526315789473685,
      "tp": 21,
      "fp": 19,
      "fn": 15,
      "tn": 54,
      "f1_ci_lo": 0.410958904109589,
      "f1_ci_hi": 0.6808627542670095
    },
    "Newport": {
      "n": 218,
      "n_spikes": 19,
      "precision": 0.14285714285714285,
      "recall": 0.15789473684210525,
      "f1": 0.15,
      "tp": 3,
      "fp": 18,
      "fn": 16,
      "tn": 181,
      "f1_ci_lo": 0.0,
      "f1_ci_hi": 0.30007575757575716
    },
    "Overall": {
      "n": 2181,
      "n_spikes": 260,
      "precision": 0.5636363636363636,
      "recall": 0.5961538461538461,
      "f1": 0.5794392523364486,
      "tp": 155,
      "fp": 120,
      "fn": 105,
      "tn": 1801,
      "f1_ci_lo": 0.5267172057975904,
      "f1_ci_hi": 0.629922753963155
    }
  }
}