{
  "Overall": {
    "r2": 0.4570603475545606,
    "r2_ci_lo": 0.30370348992467117,
    "r2_ci_hi": 0.5696933567776872,
    "mae": 6.154436205325405,
    "mae_ci_lo": 5.311512012619212,
    "mae_ci_hi": 7.053473076858525,
    "rmse": 15.815790944047198,
    "rmse_ci_lo": 13.235466118911182,
    "rmse_ci_hi": 18.351716828360345,
    "n": 1177
  },
  "Cannon Beach": {
    "r2": -0.39429358478975507,
    "r2_ci_lo": -3.622297280917386,
    "r2_ci_hi": 0.3680083336590865,
    "mae": 1.0250402300060428,
    "mae_ci_lo": 0.5567070479139775,
    "mae_ci_hi": 1.5229872149717647,
    "rmse": 2.2339291419457528,
    "rmse_ci_lo": 1.28034570910955,
    "rmse_ci_hi": 2.974067642003716,
    "n": 61
  },
  "Clatsop Beach": {
    "r2": 0.3817109993952903,
    "r2_ci_lo": -0.2602061453866138,
    "r2_ci_hi": 0.6785040974311999,
    "mae": 6.642205343396092,
    "mae_ci_lo": 4.8218146073632475,
    "mae_ci_hi": 8.747184842667235,
    "rmse": 15.184506642944276,
    "rmse_ci_lo": 10.29178484658331,
    "rmse_ci_hi": 19.836194980133474,
    "n": 192
  },
  "Coos Bay": {
    "r2": 0.3726012863461934,
    "r2_ci_lo": -0.04649192698332231,
    "r2_ci_hi": 0.5460603838765835,
    "mae": 27.19193089506392,
    "mae_ci_lo": 18.973886674512197,
    "mae_ci_hi": 36.21550912471293,
    "rmse": 44.04344475138164,
    "rmse_ci_lo": 32.37716553956865,
    "rmse_ci_hi": 55.08536412183478,
    "n": 62
  },
  "Copalis": {
    "r2": 0.7746519162627589,
    "r2_ci_lo": 0.6548263116781374,
    "r2_ci_hi": 0.8645820035798849,
    "mae": 2.8765927933452358,
    "mae_ci_lo": 2.1336729762387394,
    "mae_ci_hi": 3.6804405209099302,
    "rmse": 5.528032242060467,
    "rmse_ci_lo": 3.8697124486703256,
    "rmse_ci_hi": 7.27344450232732,
    "n": 148
  },
  "Gold Beach": {
    "r2": -0.024645738078283852,
    "r2_ci_lo": -1.3526567131778744,
    "r2_ci_hi": 0.2527435893062646,
    "mae": 7.814932176000197,
    "mae_ci_lo": 5.063703480827248,
    "mae_ci_hi": 10.95563619996489,
    "rmse": 19.702322754733224,
    "rmse_ci_lo": 12.133372489363206,
    "rmse_ci_hi": 26.75457317564758,
    "n": 135
  },
  "Kalaloch": {
    "r2": 0.6796673441223278,
    "r2_ci_lo": 0.5298329953382052,
    "r2_ci_hi": 0.8440261232503148,
    "mae": 2.471568750174708,
    "mae_ci_lo": 1.7903023725535967,
    "mae_ci_hi": 3.317094106721727,
    "rmse": 4.915934011136446,
    "rmse_ci_lo": 2.936105776012261,
    "rmse_ci_hi": 7.0813174110899615,
    "n": 120
  },
  "Long Beach": {
    "r2": 0.6512640354640503,
    "r2_ci_lo": 0.5138054079160447,
    "r2_ci_hi": 0.7838510319372383,
    "mae": 3.7132815764537472,
    "mae_ci_lo": 2.584527494931749,
    "mae_ci_hi": 4.9117690530647025,
    "rmse": 7.317792701366476,
    "rmse_ci_lo": 4.592842416656481,
    "rmse_ci_hi": 9.758256166038375,
    "n": 117
  },
  "Newport": {
    "r2": 0.08915534424312133,
    "r2_ci_lo": -0.249559922273904,
    "r2_ci_hi": 0.4724581736073087,
    "mae": 8.170918271186512,
    "mae_ci_lo": 5.427379849504954,
    "mae_ci_hi": 11.331559397290672,
    "rmse": 18.757516486711282,
    "rmse_ci_lo": 10.711034210647798,
    "rmse_ci_hi": 25.893810779600635,
    "n": 126
  },
  "Quinault": {
    "r2": 0.6611516731903276,
    "r2_ci_lo": 0.4078544213756612,
    "r2_ci_hi": 0.8588327265374097,
    "mae": 4.7129398377549,
    "mae_ci_lo": 3.4253227355503064,
    "mae_ci_hi": 6.519242359310734,
    "rmse": 9.309521363375586,
    "rmse_ci_lo": 5.303053232290327,
    "rmse_ci_hi": 13.876005589908168,
    "n": 96
  },
  "Twin Harbors": {
    "r2": 0.8128350091188183,
    "r2_ci_lo": 0.5405667986018322,
    "r2_ci_hi": 0.9256982836765043,
    "mae": 4.385575999803956,
    "mae_ci_lo": 3.068868688210253,
    "mae_ci_hi": 6.03648744654001,
    "rmse": 9.498241575732271,
    "rmse_ci_lo": 5.489155723332355,
    "rmse_ci_hi": 13.77647860082775,
    "n": 120
  }
}