{
  "matrix": {
    "oni": {
      "oni": 1.0,
      "pdo": 0.5264685890643487,
      "discharge": -0.11594426546964315,
      "da": 0.1165814296263238,
      "pn": -0.047209362160492416,
      "beuti": 0.02220510315372974,
      "chla-anom": 0.03235162374901582,
      "modis-chla": 0.018180261630583148,
      "modis-flr": 0.0011278031270795135,
      "modis-k490": 0.02201894547740868,
      "modis-par": 0.03061681960840368,
      "modis-sst": 0.16891154998946906,
      "sst-anom": 0.3477984352629895
    },
    "pdo": {
      "oni": 0.5264685890643487,
      "pdo": 1.0,
      "discharge": 0.027151333890868993,
      "da": 0.17987665325631264,
      "pn": -0.13776849862022236,
      "beuti": 0.07911756133386293,
      "chla-anom": 0.03440151720505841,
      "modis-chla": 0.10749969085805222,
      "modis-flr": -0.10841495517454433,
      "modis-k490": 0.021434468802632646,
      "modis-par": 0.12643372381530998,
      "modis-sst": 0.2245546912715301,
      "sst-anom": 0.4988887097973838
    },
    "discharge": {
      "oni": -0.11594426546964315,
      "pdo": 0.027151333890868993,
      "discharge": 1.0,
      "da": -0.02662512936643382,
      "pn": -0.09900938116874847,
      "beuti": -0.05578715505047881,
      "chla-anom": -0.05704074500897958,
      "modis-chla": -0.2269608696138556,
      "modis-flr": -0.2663696412866725,
      "modis-k490": -0.2504977642053232,
      "modis-par": -0.05505646121097432,
      "modis-sst": -0.26333483569285404,
      "sst-anom": -0.04397763947937022
    },
    "da": {
      "oni": 0.1165814296263238,
      "pdo": 0.17987665325631264,
      "discharge": -0.02662512936643382,
      "da": 1.0,
      "pn": -0.01189909089741876,
      "beuti": 0.04976323873645206,
      "chla-anom": 0.0794986143861884,
      "modis-chla": 0.15099085127444192,
      "modis-flr": -0.00989593911201858,
      "modis-k490": 0.11710193389578287,
      "modis-par": 0.1797533843224794,
      "modis-sst": 0.07700782559224058,
      "sst-anom": 0.08447564948111737
    },
    "pn": {
      "oni": -0.047209362160492416,
      "pdo": -0.13776849862022236,
      "discharge": -0.09900938116874847,
      "da": -0.01189909089741876,
      "pn": 1.0,
      "beuti": 0.05195991492283899,
      "chla-anom": -0.0021505841539383457,
      "modis-chla": 0.18239016715699996,
      "modis-flr": 0.2909458429265996,
      "modis-k490": 0.2983772735066085,
      "modis-par": 0.31841380318397267,
      "modis-sst": 0.22979822429978386,
      "sst-anom": -0.07327976754205598
    },
    "beuti": {
      "oni": 0.02220510315372974,
      "pdo": 0.07911756133386293,
      "discharge": -0.05578715505047881,
      "da": 0.04976323873645206,
      "pn": 0.05195991492283899,
      "beuti": 1.0,
      "chla-anom": 0.0173859125758474,
      "modis-chla": 0.11379366173487956,
      "modis-flr": 0.034520140766446744,
      "modis-k490": 0.12406859143006535,
      "modis-par": 0.20499760859900512,
      "modis-sst": 0.19999640157490509,
      "sst-anom": 0.02596229613951804
    },
    "chla-anom": {
      "oni": 0.03235162374901582,
      "pdo": 0.03440151720505841,
      "discharge": -0.05704074500897958,
      "da": 0.0794986143861884,
      "pn": -0.0021505841539383457,
      "beuti": 0.0173859125758474,
      "chla-anom": 1.0,
      "modis-chla": 0.09472783464846976,
      "modis-flr": -0.0946851915629181,
      "modis-k490": -0.001823706108614587,
      "modis-par": 0.044223859023998634,
      "modis-sst": -0.02258324018197839,
      "sst-anom": -0.13051749952471012
    },
    "modis-chla": {
      "oni": 0.018180261630583148,
      "pdo": 0.10749969085805222,
      "discharge": -0.2269608696138556,
      "da": 0.15099085127444192,
      "pn": 0.18239016715699996,
      "beuti": 0.11379366173487956,
      "chla-anom": 0.09472783464846976,
      "modis-chla": 1.0,
      "modis-flr": 0.20213968764744014,
      "modis-k490": 0.8381824044845766,
      "modis-par": 0.48548116302254135,
      "modis-sst": 0.3961667838200502,
      "sst-anom": 0.04814667660844167
    },
    "modis-flr": {
      "oni": 0.0011278031270795135,
      "pdo": -0.10841495517454433,
      "discharge": -0.2663696412866725,
      "da": -0.00989593911201858,
      "pn": 0.2909458429265996,
      "beuti": 0.034520140766446744,
      "chla-anom": -0.0946851915629181,
      "modis-chla": 0.20213968764744014,
      "modis-flr": 1.0,
      "modis-k490": 0.31411323093381915,
      "modis-par": 0.0922617132067627,
      "modis-sst": 0.15076949392337194,
      "sst-anom": -0.01706945942177716
    },
    "modis-k490": {
      "oni": 0.02201894547740868,
      "pdo": 0.021434468802632646,
      "discharge": -0.2504977642053232,
      "da": 0.11710193389578287,
      "pn": 0.2983772735066085,
      "beuti": 0.12406859143006535,
      "chla-anom": -0.001823706108614587,
      "modis-chla": 0.8381824044845766,
      "modis-flr": 0.31411323093381915,
      "modis-k490": 1.0,
      "modis-par": 0.46734781323724317,
      "modis-sst": 0.3360632596620462,
      "sst-anom": 0.04177964089816279
    },
    "modis-par": {
      "oni": 0.03061681960840368,
      "pdo": 0.12643372381530998,
      "discharge": -0.05505646121097432,
      "da": 0.1797533843224794,
      "pn": 0.31841380318397267,
      "beuti": 0.20499760859900512,
      "chla-anom": 0.044223859023998634,
      "modis-chla": 0.48548116302254135,
      "modis-flr": 0.0922617132067627,
      "modis-k490": 0.46734781323724317,
      "modis-par": 1.0,
      "modis-sst": 0.6087308044271187,
      "sst-anom": -0.09828877592286053
    },
    "modis-sst": {
      "oni": 0.16891154998946906,
      "pdo": 0.2245546912715301,
      "discharge": -0.26333483569285404,
      "da": 0.07700782559224058,
      "pn": 0.22979822429978386,
      "beuti": 0.19999640157490509,
      "chla-anom": -0.02258324018197839,
      "modis-chla": 0.3961667838200502,
      "modis-flr": 0.15076949392337194,
      "modis-k490": 0.3360632596620462,
      "modis-par": 0.6087308044271187,
      "modis-sst": 1.0,
      "sst-anom": 0.08928386605646939
    },
    "sst-anom": {
      "oni": 0.3477984352629895,
      "pdo": 0.4988887097973838,
      "discharge": -0.04397763947937022,
      "da": 0.08447564948111737,
      "pn": -0.07327976754205598,
      "beuti": 0.02596229613951804,
      "chla-anom": -0.13051749952471012,
      "modis-chla": 0.04814667660844167,
      "modis-flr": -0.01706945942177716,
      "modis-k490": 0.04177964089816279,
      "modis-par": -0.09828877592286053,
      "modis-sst": 0.08928386605646939,
      "sst-anom": 1.0
    }
  },
  "columns": [
    "oni",
    "pdo",
    "discharge",
    "da",
    "pn",
    "beuti",
    "chla-anom",
    "modis-chla",
    "modis-flr",
    "modis-k490",
    "modis-par",
    "modis-sst",
    "sst-anom"
  ],
  "site": "Cannon Beach"
}