{
  "matrix": {
    "oni": {
      "oni": 1.0,
      "pdo": 0.5264685890643487,
      "discharge": -0.11594426546964315,
      "da": -0.004183405025488665,
      "pn": -0.04093043126393755,
      "beuti": 0.021918136240085526,
      "chla-anom": 0.004577215414144982,
      "modis-chla": -0.004155868161606887,
      "modis-flr": 0.014333357530244839,
      "modis-k490": 0.03033080150118258,
      "modis-par": 0.032442229773254276,
      "modis-sst": 0.1625193783811063,
      "sst-anom": 0.3358303692695483
    },
    "pdo": {
      "oni": 0.5264685890643487,
      "pdo": 1.0,
      "discharge": 0.027151333890868993,
      "da": 0.1274278239719333,
      "pn": -0.16587381098529305,
      "beuti": 0.07745556146519682,
      "chla-anom": 0.010327869829682522,
      "modis-chla": 0.09145252679883666,
      "modis-flr": -0.10232700512681542,
      "modis-k490": 0.020770753969118864,
      "modis-par": 0.1271748012728483,
      "modis-sst": 0.23209763443418602,
      "sst-anom": 0.49056047869834835
    },
    "discharge": {
      "oni": -0.11594426546964315,
      "pdo": 0.027151333890868993,
      "discharge": 1.0,
      "da": -0.030405969032367114,
      "pn": -0.10556172164514149,
      "beuti": -0.05621176364319695,
      "chla-anom": -0.06885239275235312,
      "modis-chla": -0.2345229239394188,
      "modis-flr": -0.30072120604352626,
      "modis-k490": -0.2763785922416551,
      "modis-par": -0.05460837669753121,
      "modis-sst": -0.2535133145601831,
      "sst-anom": -0.06924579743312426
    },
    "da": {
      "oni": -0.004183405025488665,
      "pdo": 0.1274278239719333,
      "discharge": -0.030405969032367114,
      "da": 1.0,
      "pn": 0.00771143264517278,
      "beuti": 0.036400834649686936,
      "chla-anom": -0.019090464661312326,
      "modis-chla": -0.05167479509248405,
      "modis-flr": 0.15645752370248184,
      "modis-k490": -0.0468694862079942,
      "modis-par": -0.1311388310342644,
      "modis-sst": -0.07000624159545833,
      "sst-anom": 0.10954101291998265
    },
    "pn": {
      "oni": -0.04093043126393755,
      "pdo": -0.16587381098529305,
      "discharge": -0.10556172164514149,
      "da": 0.00771143264517278,
      "pn": 1.0,
      "beuti": 0.0830716391682163,
      "chla-anom": 0.041378570397966434,
      "modis-chla": 0.21892237163319006,
      "modis-flr": 0.37795902123428643,
      "modis-k490": 0.3655210765569149,
      "modis-par": 0.3554147042472173,
      "modis-sst": 0.2737446941028741,
      "sst-anom": -0.10480437030388252
    },
    "beuti": {
      "oni": 0.021918136240085526,
      "pdo": 0.07745556146519682,
      "discharge": -0.05621176364319695,
      "da": 0.036400834649686936,
      "pn": 0.0830716391682163,
      "beuti": 1.0,
      "chla-anom": 0.004404611926410279,
      "modis-chla": 0.10159185248184696,
      "modis-flr": 0.050055316946158376,
      "modis-k490": 0.09834705884425175,
      "modis-par": 0.20449881177159146,
      "modis-sst": 0.2030244743541429,
      "sst-anom": 0.024592577453866712
    },
    "chla-anom": {
      "oni": 0.004577215414144982,
      "pdo": 0.010327869829682522,
      "discharge": -0.06885239275235312,
      "da": -0.019090464661312326,
      "pn": 0.041378570397966434,
      "beuti": 0.004404611926410279,
      "chla-anom": 1.0,
      "modis-chla": 0.08732372073013865,
      "modis-flr": -0.07911269622501184,
      "modis-k490": 0.005903019136044115,
      "modis-par": 0.06266185464111748,
      "modis-sst": 0.030260152715558875,
      "sst-anom": -0.057841338621016154
    },
    "modis-chla": {
      "oni": -0.004155868161606887,
      "pdo": 0.09145252679883666,
      "discharge": -0.2345229239394188,
      "da": -0.05167479509248405,
      "pn": 0.21892237163319006,
      "beuti": 0.10159185248184696,
      "chla-anom": 0.08732372073013865,
      "modis-chla": 1.0,
      "modis-flr": 0.2163510090012814,
      "modis-k490": 0.8427428193491959,
      "modis-par": 0.5021820884606453,
      "modis-sst": 0.4318986572007884,
      "sst-anom": 0.054751841520757245
    },
    "modis-flr": {
      "oni": 0.014333357530244839,
      "pdo": -0.10232700512681542,
      "discharge": -0.30072120604352626,
      "da": 0.15645752370248184,
      "pn": 0.37795902123428643,
      "beuti": 0.050055316946158376,
      "chla-anom": -0.07911269622501184,
      "modis-chla": 0.2163510090012814,
      "modis-flr": 1.0,
      "modis-k490": 0.3078158147356998,
      "modis-par": 0.10889033844104391,
      "modis-sst": 0.17170247050236673,
      "sst-anom": 0.006945204116703165
    },
    "modis-k490": {
      "oni": 0.03033080150118258,
      "pdo": 0.020770753969118864,
      "discharge": -0.2763785922416551,
      "da": -0.0468694862079942,
      "pn": 0.3655210765569149,
      "beuti": 0.09834705884425175,
      "chla-anom": 0.005903019136044115,
      "modis-chla": 0.8427428193491959,
      "modis-flr": 0.3078158147356998,
      "modis-k490": 1.0,
      "modis-par": 0.5066085213362422,
      "modis-sst": 0.39521337706156934,
      "sst-anom": 0.05945716038728295
    },
    "modis-par": {
      "oni": 0.032442229773254276,
      "pdo": 0.1271748012728483,
      "discharge": -0.05460837669753121,
      "da": -0.1311388310342644,
      "pn": 0.3554147042472173,
      "beuti": 0.20449881177159146,
      "chla-anom": 0.06266185464111748,
      "modis-chla": 0.5021820884606453,
      "modis-flr": 0.10889033844104391,
      "modis-k490": 0.5066085213362422,
      "modis-par": 1.0,
      "modis-sst": 0.6170797281568259,
      "sst-anom": -0.10512820799269652
    },
    "modis-sst": {
      "oni": 0.1625193783811063,
      "pdo": 0.23209763443418602,
      "discharge": -0.2535133145601831,
      "da": -0.07000624159545833,
      "pn": 0.2737446941028741,
      "beuti": 0.2030244743541429,
      "chla-anom": 0.030260152715558875,
      "modis-chla": 0.4318986572007884,
      "modis-flr": 0.17170247050236673,
      "modis-k490": 0.39521337706156934,
      "modis-par": 0.6170797281568259,
      "modis-sst": 1.0,
      "sst-anom": 0.09719699466654899
    },
    "sst-anom": {
      "oni": 0.3358303692695483,
      "pdo": 0.49056047869834835,
      "discharge": -0.06924579743312426,
      "da": 0.10954101291998265,
      "pn": -0.10480437030388252,
      "beuti": 0.024592577453866712,
      "chla-anom": -0.057841338621016154,
      "modis-chla": 0.054751841520757245,
      "modis-flr": 0.006945204116703165,
      "modis-k490": 0.05945716038728295,
      "modis-par": -0.10512820799269652,
      "modis-sst": 0.09719699466654899,
      "sst-anom": 1.0
    }
  },
  "columns": [
    "oni",
    "pdo",
    "discharge",
    "da",
    "pn",
    "beuti",
    "chla-anom",
    "modis-chla",
    "modis-flr",
    "modis-k490",
    "modis-par",
    "modis-sst",
    "sst-anom"
  ],
  "site": "Clatsop Beach"
}