{
  "matrix": {
    "oni": {
      "oni": 1.0,
      "pdo": 0.5264685890643487,
      "discharge": -0.11594426546964315,
      "da": 0.1752313592355572,
      "pn": -0.09762559735234157,
      "beuti": -0.003654912506646268,
      "chla-anom": -0.010034713471554277,
      "modis-chla": -0.004582150319653545,
      "modis-flr": 0.03483578483013172,
      "modis-k490": 0.014827635850966282,
      "modis-par": 0.028244682468434135,
      "modis-sst": 0.23665432569193526,
      "sst-anom": 0.31814549942698184
    },
    "pdo": {
      "oni": 0.5264685890643487,
      "pdo": 1.0,
      "discharge": 0.027151333890868993,
      "da": 0.19616291280549641,
      "pn": -0.09652395196739975,
      "beuti": 0.08671884930204556,
      "chla-anom": 0.03853911441555976,
      "modis-chla": 0.15934815284939088,
      "modis-flr": -0.06282249879856884,
      "modis-k490": 0.10643250807753309,
      "modis-par": 0.1340341492750026,
      "modis-sst": 0.26015989275090967,
      "sst-anom": 0.4714089279853683
    },
    "discharge": {
      "oni": -0.11594426546964315,
      "pdo": 0.027151333890868993,
      "discharge": 1.0,
      "da": 0.01559061975481408,
      "pn": -0.028583818812545046,
      "beuti": 0.00456360672741185,
      "chla-anom": -0.03900534352464404,
      "modis-chla": -0.14765955280764462,
      "modis-flr": -0.2358572807216681,
      "modis-k490": -0.23447371525508232,
      "modis-par": -0.031037981068821666,
      "modis-sst": -0.25074791372139527,
      "sst-anom": -0.011070339924511056
    },
    "da": {
      "oni": 0.1752313592355572,
      "pdo": 0.19616291280549641,
      "discharge": 0.01559061975481408,
      "da": 1.0,
      "pn": -0.010189341044851597,
      "beuti": -0.027220623825378824,
      "chla-anom": 0.048061426289920946,
      "modis-chla": -0.06336472549671847,
      "modis-flr": 0.23699619533995508,
      "modis-k490": -0.07621786146000357,
      "modis-par": -0.19639031328735743,
      "modis-sst": 0.08131631619124398,
      "sst-anom": 0.202215779964693
    },
    "pn": {
      "oni": -0.09762559735234157,
      "pdo": -0.09652395196739975,
      "discharge": -0.028583818812545046,
      "da": -0.010189341044851597,
      "pn": 1.0,
      "beuti": 0.06536404883382207,
      "chla-anom": -0.04526534347648957,
      "modis-chla": 0.18152528470764945,
      "modis-flr": 0.22301529438953407,
      "modis-k490": 0.18578414830331727,
      "modis-par": 0.11028767581033433,
      "modis-sst": 0.08543297431752879,
      "sst-anom": -0.02512159821843649
    },
    "beuti": {
      "oni": -0.003654912506646268,
      "pdo": 0.08671884930204556,
      "discharge": 0.00456360672741185,
      "da": -0.027220623825378824,
      "pn": 0.06536404883382207,
      "beuti": 1.0,
      "chla-anom": -0.028338628798363408,
      "modis-chla": 0.18060731202934296,
      "modis-flr": 0.05117573092307124,
      "modis-k490": 0.1982055225427782,
      "modis-par": 0.3917340313539413,
      "modis-sst": 0.12246907480606602,
      "sst-anom": -0.008367583149118915
    },
    "chla-anom": {
      "oni": -0.010034713471554277,
      "pdo": 0.03853911441555976,
      "discharge": -0.03900534352464404,
      "da": 0.048061426289920946,
      "pn": -0.04526534347648957,
      "beuti": -0.028338628798363408,
      "chla-anom": 1.0,
      "modis-chla": 0.015260250735877312,
      "modis-flr": -0.05428077342454055,
      "modis-k490": -0.0011011619727288758,
      "modis-par": -0.05273122066846995,
      "modis-sst": 0.01750961084530481,
      "sst-anom": -0.18994181912264033
    },
    "modis-chla": {
      "oni": -0.004582150319653545,
      "pdo": 0.15934815284939088,
      "discharge": -0.14765955280764462,
      "da": -0.06336472549671847,
      "pn": 0.18152528470764945,
      "beuti": 0.18060731202934296,
      "chla-anom": 0.015260250735877312,
      "modis-chla": 1.0,
      "modis-flr": 0.24527039809013318,
      "modis-k490": 0.9102717824038823,
      "modis-par": 0.5406091040403321,
      "modis-sst": 0.19077134771079537,
      "sst-anom": -0.06544862755093912
    },
    "modis-flr": {
      "oni": 0.03483578483013172,
      "pdo": -0.06282249879856884,
      "discharge": -0.2358572807216681,
      "da": 0.23699619533995508,
      "pn": 0.22301529438953407,
      "beuti": 0.05117573092307124,
      "chla-anom": -0.05428077342454055,
      "modis-chla": 0.24527039809013318,
      "modis-flr": 1.0,
      "modis-k490": 0.2970604022938865,
      "modis-par": 0.07512737326938024,
      "modis-sst": 0.0250392912357063,
      "sst-anom": -0.021211757686575152
    },
    "modis-k490": {
      "oni": 0.014827635850966282,
      "pdo": 0.10643250807753309,
      "discharge": -0.23447371525508232,
      "da": -0.07621786146000357,
      "pn": 0.18578414830331727,
      "beuti": 0.1982055225427782,
      "chla-anom": -0.0011011619727288758,
      "modis-chla": 0.9102717824038823,
      "modis-flr": 0.2970604022938865,
      "modis-k490": 1.0,
      "modis-par": 0.5070897196031265,
      "modis-sst": 0.1203198866813059,
      "sst-anom": -0.13038090541374706
    },
    "modis-par": {
      "oni": 0.028244682468434135,
      "pdo": 0.1340341492750026,
      "discharge": -0.031037981068821666,
      "da": -0.19639031328735743,
      "pn": 0.11028767581033433,
      "beuti": 0.3917340313539413,
      "chla-anom": -0.05273122066846995,
      "modis-chla": 0.5406091040403321,
      "modis-flr": 0.07512737326938024,
      "modis-k490": 0.5070897196031265,
      "modis-par": 1.0,
      "modis-sst": 0.32870269391897755,
      "sst-anom": -0.2808249453653173
    },
    "modis-sst": {
      "oni": 0.23665432569193526,
      "pdo": 0.26015989275090967,
      "discharge": -0.25074791372139527,
      "da": 0.08131631619124398,
      "pn": 0.08543297431752879,
      "beuti": 0.12246907480606602,
      "chla-anom": 0.01750961084530481,
      "modis-chla": 0.19077134771079537,
      "modis-flr": 0.0250392912357063,
      "modis-k490": 0.1203198866813059,
      "modis-par": 0.32870269391897755,
      "modis-sst": 1.0,
      "sst-anom": 0.09920873245330401
    },
    "sst-anom": {
      "oni": 0.31814549942698184,
      "pdo": 0.4714089279853683,
      "discharge": -0.011070339924511056,
      "da": 0.202215779964693,
      "pn": -0.02512159821843649,
      "beuti": -0.008367583149118915,
      "chla-anom": -0.18994181912264033,
      "modis-chla": -0.06544862755093912,
      "modis-flr": -0.021211757686575152,
      "modis-k490": -0.13038090541374706,
      "modis-par": -0.2808249453653173,
      "modis-sst": 0.09920873245330401,
      "sst-anom": 1.0
    }
  },
  "columns": [
    "oni",
    "pdo",
    "discharge",
    "da",
    "pn",
    "beuti",
    "chla-anom",
    "modis-chla",
    "modis-flr",
    "modis-k490",
    "modis-par",
    "modis-sst",
    "sst-anom"
  ],
  "site": "Coos Bay"
}