{
  "matrix": {
    "oni": {
      "oni": 1.0,
      "pdo": 0.5264685890643487,
      "discharge": -0.11594426546964315,
      "da": 0.1879039166554987,
      "pn": -0.0075123857772014906,
      "beuti": 0.02128168751222629,
      "chla-anom": 0.07366692043484827,
      "modis-chla": 0.012013628518860512,
      "modis-flr": 0.039531531693937846,
      "modis-k490": 0.04402740965596666,
      "modis-par": 0.03945978559237273,
      "modis-sst": 0.1357630515347213,
      "sst-anom": 0.31617183613287414
    },
    "pdo": {
      "oni": 0.5264685890643487,
      "pdo": 1.0,
      "discharge": 0.027151333890868993,
      "da": 0.2687907765111671,
      "pn": 0.07408869950150171,
      "beuti": 0.09757612105763219,
      "chla-anom": 0.1453626066420432,
      "modis-chla": 0.15582495021411377,
      "modis-flr": -0.09216821338027968,
      "modis-k490": 0.0805033819129586,
      "modis-par": 0.13462776424861397,
      "modis-sst": 0.19595163970555657,
      "sst-anom": 0.4312902067913241
    },
    "discharge": {
      "oni": -0.11594426546964315,
      "pdo": 0.027151333890868993,
      "discharge": 1.0,
      "da": -0.043998873027747014,
      "pn": -0.04926245967420816,
      "beuti": -0.04091901957216706,
      "chla-anom": -0.02148698008606901,
      "modis-chla": -0.20655004324119117,
      "modis-flr": -0.21135927646275834,
      "modis-k490": -0.20909571615303177,
      "modis-par": -0.034300172257278876,
      "modis-sst": -0.26192939486708156,
      "sst-anom": -0.06560662102316685
    },
    "da": {
      "oni": 0.1879039166554987,
      "pdo": 0.2687907765111671,
      "discharge": -0.043998873027747014,
      "da": 1.0,
      "pn": 0.03915193242050243,
      "beuti": 0.056999283154222355,
      "chla-anom": 0.013869534191386547,
      "modis-chla": -0.023683351954823857,
      "modis-flr": 0.16108838573534381,
      "modis-k490": -0.029983604662357267,
      "modis-par": 0.031248969647497106,
      "modis-sst": -0.005415635847461201,
      "sst-anom": 0.2143923548774987
    },
    "pn": {
      "oni": -0.0075123857772014906,
      "pdo": 0.07408869950150171,
      "discharge": -0.04926245967420816,
      "da": 0.03915193242050243,
      "pn": 1.0,
      "beuti": 0.034962963517551154,
      "chla-anom": 0.08463697725129689,
      "modis-chla": 0.09646597019348296,
      "modis-flr": -0.12284850559687067,
      "modis-k490": 0.07551104876267713,
      "modis-par": 0.1219391627318272,
      "modis-sst": 0.0689636369163715,
      "sst-anom": 0.04062987504515943
    },
    "beuti": {
      "oni": 0.02128168751222629,
      "pdo": 0.09757612105763219,
      "discharge": -0.04091901957216706,
      "da": 0.056999283154222355,
      "pn": 0.034962963517551154,
      "beuti": 1.0,
      "chla-anom": -0.08728336127090693,
      "modis-chla": 0.12704678313581647,
      "modis-flr": 0.054250644975527236,
      "modis-k490": 0.12018233123973537,
      "modis-par": 0.24673261455345882,
      "modis-sst": 0.2764243149980452,
      "sst-anom": 0.03882498132980771
    },
    "chla-anom": {
      "oni": 0.07366692043484827,
      "pdo": 0.1453626066420432,
      "discharge": -0.02148698008606901,
      "da": 0.013869534191386547,
      "pn": 0.08463697725129689,
      "beuti": -0.08728336127090693,
      "chla-anom": 1.0,
      "modis-chla": 0.05902167840534677,
      "modis-flr": -0.15054961045499865,
      "modis-k490": -0.031258808616424376,
      "modis-par": 0.034008340434820664,
      "modis-sst": -0.08752095658940653,
      "sst-anom": -0.15651550206025658
    },
    "modis-chla": {
      "oni": 0.012013628518860512,
      "pdo": 0.15582495021411377,
      "discharge": -0.20655004324119117,
      "da": -0.023683351954823857,
      "pn": 0.09646597019348296,
      "beuti": 0.12704678313581647,
      "chla-anom": 0.05902167840534677,
      "modis-chla": 1.0,
      "modis-flr": 0.010029446196892729,
      "modis-k490": 0.8606590360421017,
      "modis-par": 0.3703798883989178,
      "modis-sst": 0.3526559078966722,
      "sst-anom": 0.01623567456931874
    },
    "modis-flr": {
      "oni": 0.039531531693937846,
      "pdo": -0.09216821338027968,
      "discharge": -0.21135927646275834,
      "da": 0.16108838573534381,
      "pn": -0.12284850559687067,
      "beuti": 0.054250644975527236,
      "chla-anom": -0.15054961045499865,
      "modis-chla": 0.010029446196892729,
      "modis-flr": 1.0,
      "modis-k490": 0.029982606687349235,
      "modis-par": -0.08917924412353159,
      "modis-sst": 0.03686996465834895,
      "sst-anom": 0.08179874677721068
    },
    "modis-k490": {
      "oni": 0.04402740965596666,
      "pdo": 0.0805033819129586,
      "discharge": -0.20909571615303177,
      "da": -0.029983604662357267,
      "pn": 0.07551104876267713,
      "beuti": 0.12018233123973537,
      "chla-anom": -0.031258808616424376,
      "modis-chla": 0.8606590360421017,
      "modis-flr": 0.029982606687349235,
      "modis-k490": 1.0,
      "modis-par": 0.3264984290138071,
      "modis-sst": 0.2740528727010092,
      "sst-anom": 0.07636018045754715
    },
    "modis-par": {
      "oni": 0.03945978559237273,
      "pdo": 0.13462776424861397,
      "discharge": -0.034300172257278876,
      "da": 0.031248969647497106,
      "pn": 0.1219391627318272,
      "beuti": 0.24673261455345882,
      "chla-anom": 0.034008340434820664,
      "modis-chla": 0.3703798883989178,
      "modis-flr": -0.08917924412353159,
      "modis-k490": 0.3264984290138071,
      "modis-par": 1.0,
      "modis-sst": 0.6148047662453583,
      "sst-anom": -0.1498308844388141
    },
    "modis-sst": {
      "oni": 0.1357630515347213,
      "pdo": 0.19595163970555657,
      "discharge": -0.26192939486708156,
      "da": -0.005415635847461201,
      "pn": 0.0689636369163715,
      "beuti": 0.2764243149980452,
      "chla-anom": -0.08752095658940653,
      "modis-chla": 0.3526559078966722,
      "modis-flr": 0.03686996465834895,
      "modis-k490": 0.2740528727010092,
      "modis-par": 0.6148047662453583,
      "modis-sst": 1.0,
      "sst-anom": 0.03689053210195767
    },
    "sst-anom": {
      "oni": 0.31617183613287414,
      "pdo": 0.4312902067913241,
      "discharge": -0.06560662102316685,
      "da": 0.2143923548774987,
      "pn": 0.04062987504515943,
      "beuti": 0.03882498132980771,
      "chla-anom": -0.15651550206025658,
      "modis-chla": 0.01623567456931874,
      "modis-flr": 0.08179874677721068,
      "modis-k490": 0.07636018045754715,
      "modis-par": -0.1498308844388141,
      "modis-sst": 0.03689053210195767,
      "sst-anom": 1.0
    }
  },
  "columns": [
    "oni",
    "pdo",
    "discharge",
    "da",
    "pn",
    "beuti",
    "chla-anom",
    "modis-chla",
    "modis-flr",
    "modis-k490",
    "modis-par",
    "modis-sst",
    "sst-anom"
  ],
  "site": "Copalis"
}