{
  "matrix": {
    "oni": {
      "oni": 1.0,
      "pdo": 0.5264685890643487,
      "discharge": -0.11594426546964315,
      "da": 0.03307432751236819,
      "pn": -0.06795478827859923,
      "beuti": -0.02462495407581218,
      "chla-anom": 0.11463362650720657,
      "modis-chla": 0.060712588000260276,
      "modis-flr": 0.1381585966020465,
      "modis-k490": 0.12261980936779862,
      "modis-par": 0.018940953437078977,
      "modis-sst": 0.29911033722871294,
      "sst-anom": 0.3306593658643422
    },
    "pdo": {
      "oni": 0.5264685890643487,
      "pdo": 1.0,
      "discharge": 0.027151333890868993,
      "da": 0.060137450142393356,
      "pn": -0.120917887978787,
      "beuti": 0.06519520692481602,
      "chla-anom": 0.2763129529867506,
      "modis-chla": 0.2488233785470966,
      "modis-flr": 0.017725667608266295,
      "modis-k490": 0.2835525028317005,
      "modis-par": 0.1232188383590532,
      "modis-sst": 0.24832348073791102,
      "sst-anom": 0.46597859928369795
    },
    "discharge": {
      "oni": -0.11594426546964315,
      "pdo": 0.027151333890868993,
      "discharge": 1.0,
      "da": -0.017815690472004497,
      "pn": -0.10686720930636812,
      "beuti": 0.04012794298289269,
      "chla-anom": 0.014294723256078046,
      "modis-chla": -0.022391758631472393,
      "modis-flr": -0.15405452180854837,
      "modis-k490": -0.09948726534034805,
      "modis-par": -0.042639485434252423,
      "modis-sst": -0.24742865908023579,
      "sst-anom": 0.04412679274063226
    },
    "da": {
      "oni": 0.03307432751236819,
      "pdo": 0.060137450142393356,
      "discharge": -0.017815690472004497,
      "da": 1.0,
      "pn": -0.005576509599925624,
      "beuti": 0.04155119655687124,
      "chla-anom": -0.018531847459732652,
      "modis-chla": -0.030107066895822453,
      "modis-flr": 0.11367556479568948,
      "modis-k490": -0.043482480704479326,
      "modis-par": 0.005376160617459051,
      "modis-sst": 0.10498496473732546,
      "sst-anom": 0.018462884230324328
    },
    "pn": {
      "oni": -0.06795478827859923,
      "pdo": -0.120917887978787,
      "discharge": -0.10686720930636812,
      "da": -0.005576509599925624,
      "pn": 1.0,
      "beuti": 0.03418092653550797,
      "chla-anom": -0.13789763488809823,
      "modis-chla": 0.021019992001418457,
      "modis-flr": 0.15131398261813533,
      "modis-k490": 0.024227306612454032,
      "modis-par": 0.1107230238073094,
      "modis-sst": 0.04375049056894209,
      "sst-anom": -0.08242072379769819
    },
    "beuti": {
      "oni": -0.02462495407581218,
      "pdo": 0.06519520692481602,
      "discharge": 0.04012794298289269,
      "da": 0.04155119655687124,
      "pn": 0.03418092653550797,
      "beuti": 1.0,
      "chla-anom": -0.049557520666264926,
      "modis-chla": 0.16490847630027491,
      "modis-flr": 0.07175369144710887,
      "modis-k490": 0.1443533176529731,
      "modis-par": 0.425643239536504,
      "modis-sst": -0.013701556698957267,
      "sst-anom": -0.04948305771305431
    },
    "chla-anom": {
      "oni": 0.11463362650720657,
      "pdo": 0.2763129529867506,
      "discharge": 0.014294723256078046,
      "da": -0.018531847459732652,
      "pn": -0.13789763488809823,
      "beuti": -0.049557520666264926,
      "chla-anom": 1.0,
      "modis-chla": 0.13367697987932547,
      "modis-flr": -0.16063816293448094,
      "modis-k490": 0.21133432650745212,
      "modis-par": -0.14257603946781017,
      "modis-sst": 0.08847916227558116,
      "sst-anom": 0.08175956623163572
    },
    "modis-chla": {
      "oni": 0.060712588000260276,
      "pdo": 0.2488233785470966,
      "discharge": -0.022391758631472393,
      "da": -0.030107066895822453,
      "pn": 0.021019992001418457,
      "beuti": 0.16490847630027491,
      "chla-anom": 0.13367697987932547,
      "modis-chla": 1.0,
      "modis-flr": 0.17473642460065852,
      "modis-k490": 0.9264769195863224,
      "modis-par": 0.48754543970937825,
      "modis-sst": 0.13748834911209226,
      "sst-anom": -0.015087776279259248
    },
    "modis-flr": {
      "oni": 0.1381585966020465,
      "pdo": 0.017725667608266295,
      "discharge": -0.15405452180854837,
      "da": 0.11367556479568948,
      "pn": 0.15131398261813533,
      "beuti": 0.07175369144710887,
      "chla-anom": -0.16063816293448094,
      "modis-chla": 0.17473642460065852,
      "modis-flr": 1.0,
      "modis-k490": 0.21858647866525924,
      "modis-par": 0.16078043980485554,
      "modis-sst": 0.10729488479774923,
      "sst-anom": -0.0010909290300214272
    },
    "modis-k490": {
      "oni": 0.12261980936779862,
      "pdo": 0.2835525028317005,
      "discharge": -0.09948726534034805,
      "da": -0.043482480704479326,
      "pn": 0.024227306612454032,
      "beuti": 0.1443533176529731,
      "chla-anom": 0.21133432650745212,
      "modis-chla": 0.9264769195863224,
      "modis-flr": 0.21858647866525924,
      "modis-k490": 1.0,
      "modis-par": 0.45611143726528736,
      "modis-sst": 0.14676654666807842,
      "sst-anom": -0.05170625400160661
    },
    "modis-par": {
      "oni": 0.018940953437078977,
      "pdo": 0.1232188383590532,
      "discharge": -0.042639485434252423,
      "da": 0.005376160617459051,
      "pn": 0.1107230238073094,
      "beuti": 0.425643239536504,
      "chla-anom": -0.14257603946781017,
      "modis-chla": 0.48754543970937825,
      "modis-flr": 0.16078043980485554,
      "modis-k490": 0.45611143726528736,
      "modis-par": 1.0,
      "modis-sst": 0.012677434668219138,
      "sst-anom": -0.3238455926460472
    },
    "modis-sst": {
      "oni": 0.29911033722871294,
      "pdo": 0.24832348073791102,
      "discharge": -0.24742865908023579,
      "da": 0.10498496473732546,
      "pn": 0.04375049056894209,
      "beuti": -0.013701556698957267,
      "chla-anom": 0.08847916227558116,
      "modis-chla": 0.13748834911209226,
      "modis-flr": 0.10729488479774923,
      "modis-k490": 0.14676654666807842,
      "modis-par": 0.012677434668219138,
      "modis-sst": 1.0,
      "sst-anom": 0.1489024672859154
    },
    "sst-anom": {
      "oni": 0.3306593658643422,
      "pdo": 0.46597859928369795,
      "discharge": 0.04412679274063226,
      "da": 0.018462884230324328,
      "pn": -0.08242072379769819,
      "beuti": -0.04948305771305431,
      "chla-anom": 0.08175956623163572,
      "modis-chla": -0.015087776279259248,
      "modis-flr": -0.0010909290300214272,
      "modis-k490": -0.05170625400160661,
      "modis-par": -0.3238455926460472,
      "modis-sst": 0.1489024672859154,
      "sst-anom": 1.0
    }
  },
  "columns": [
    "oni",
    "pdo",
    "discharge",
    "da",
    "pn",
    "beuti",
    "chla-anom",
    "modis-chla",
    "modis-flr",
    "modis-k490",
    "modis-par",
    "modis-sst",
    "sst-anom"
  ],
  "site": "Gold Beach"
}