{
  "matrix": {
    "oni": {
      "oni": 1.0,
      "pdo": 0.5264685890643487,
      "discharge": -0.11594426546964315,
      "da": 0.2299361470822758,
      "pn": -0.01354052068097209,
      "beuti": 0.02150047667326491,
      "chla-anom": 0.09175746087836022,
      "modis-chla": 0.013969675672231468,
      "modis-flr": 0.06735348980439071,
      "modis-k490": 0.09350507177703662,
      "modis-par": 0.038708046701118964,
      "modis-sst": 0.12881530212541148,
      "sst-anom": 0.30139720711297713
    },
    "pdo": {
      "oni": 0.5264685890643487,
      "pdo": 1.0,
      "discharge": 0.027151333890868993,
      "da": 0.3678846406912346,
      "pn": 0.07408532575782661,
      "beuti": 0.09975075497206413,
      "chla-anom": 0.18006795734305098,
      "modis-chla": 0.0884212482908082,
      "modis-flr": -0.07229504305098695,
      "modis-k490": 0.07589530020736907,
      "modis-par": 0.13223513303167903,
      "modis-sst": 0.1806088587887598,
      "sst-anom": 0.41730405005200355
    },
    "discharge": {
      "oni": -0.11594426546964315,
      "pdo": 0.027151333890868993,
      "discharge": 1.0,
      "da": -0.05293112060929962,
      "pn": -0.05700525052971267,
      "beuti": -0.04144125890240831,
      "chla-anom": -0.03646573344935095,
      "modis-chla": -0.22452115423185798,
      "modis-flr": -0.13978385531348253,
      "modis-k490": -0.24520358231764783,
      "modis-par": -0.02615116763818924,
      "modis-sst": -0.26656378274560594,
      "sst-anom": -0.07396838966072176
    },
    "da": {
      "oni": 0.2299361470822758,
      "pdo": 0.3678846406912346,
      "discharge": -0.05293112060929962,
      "da": 1.0,
      "pn": 0.08745620360470897,
      "beuti": 0.0355632558034167,
      "chla-anom": 0.09443026878121383,
      "modis-chla": 0.05146634385274886,
      "modis-flr": -0.0022160884034420104,
      "modis-k490": 0.08618098086403495,
      "modis-par": 0.08144797710784185,
      "modis-sst": -0.0041168144269438465,
      "sst-anom": 0.1917854184918502
    },
    "pn": {
      "oni": -0.01354052068097209,
      "pdo": 0.07408532575782661,
      "discharge": -0.05700525052971267,
      "da": 0.08745620360470897,
      "pn": 1.0,
      "beuti": 0.04034084908007957,
      "chla-anom": 0.01949729965619661,
      "modis-chla": 0.10373905682080116,
      "modis-flr": -0.10744562193679381,
      "modis-k490": 0.13285363510258494,
      "modis-par": 0.12180230812392387,
      "modis-sst": 0.08089071170622313,
      "sst-anom": 0.025376044003107827
    },
    "beuti": {
      "oni": 0.02150047667326491,
      "pdo": 0.09975075497206413,
      "discharge": -0.04144125890240831,
      "da": 0.0355632558034167,
      "pn": 0.04034084908007957,
      "beuti": 1.0,
      "chla-anom": -0.07499674882242184,
      "modis-chla": 0.12465431642734147,
      "modis-flr": 0.07025723320244978,
      "modis-k490": 0.11185731329847147,
      "modis-par": 0.2668628902069734,
      "modis-sst": 0.27522541834480335,
      "sst-anom": 0.020826449313172752
    },
    "chla-anom": {
      "oni": 0.09175746087836022,
      "pdo": 0.18006795734305098,
      "discharge": -0.03646573344935095,
      "da": 0.09443026878121383,
      "pn": 0.01949729965619661,
      "beuti": -0.07499674882242184,
      "chla-anom": 1.0,
      "modis-chla": 0.11036091386094955,
      "modis-flr": -0.04523571574789584,
      "modis-k490": 0.09737050058910723,
      "modis-par": 0.3522550020048968,
      "modis-sst": 0.07803855409715967,
      "sst-anom": -0.1905946593160262
    },
    "modis-chla": {
      "oni": 0.013969675672231468,
      "pdo": 0.0884212482908082,
      "discharge": -0.22452115423185798,
      "da": 0.05146634385274886,
      "pn": 0.10373905682080116,
      "beuti": 0.12465431642734147,
      "chla-anom": 0.11036091386094955,
      "modis-chla": 1.0,
      "modis-flr": 0.043374548890052704,
      "modis-k490": 0.8299785332261825,
      "modis-par": 0.42699980556355677,
      "modis-sst": 0.33219300108335886,
      "sst-anom": -0.061061743038311814
    },
    "modis-flr": {
      "oni": 0.06735348980439071,
      "pdo": -0.07229504305098695,
      "discharge": -0.13978385531348253,
      "da": -0.0022160884034420104,
      "pn": -0.10744562193679381,
      "beuti": 0.07025723320244978,
      "chla-anom": -0.04523571574789584,
      "modis-chla": 0.043374548890052704,
      "modis-flr": 1.0,
      "modis-k490": 0.08475968555425384,
      "modis-par": -0.03424474021097124,
      "modis-sst": 0.038006366936186746,
      "sst-anom": 0.05599405470361875
    },
    "modis-k490": {
      "oni": 0.09350507177703662,
      "pdo": 0.07589530020736907,
      "discharge": -0.24520358231764783,
      "da": 0.08618098086403495,
      "pn": 0.13285363510258494,
      "beuti": 0.11185731329847147,
      "chla-anom": 0.09737050058910723,
      "modis-chla": 0.8299785332261825,
      "modis-flr": 0.08475968555425384,
      "modis-k490": 1.0,
      "modis-par": 0.4089662770802003,
      "modis-sst": 0.3041824635652,
      "sst-anom": -0.020262122588389834
    },
    "modis-par": {
      "oni": 0.038708046701118964,
      "pdo": 0.13223513303167903,
      "discharge": -0.02615116763818924,
      "da": 0.08144797710784185,
      "pn": 0.12180230812392387,
      "beuti": 0.2668628902069734,
      "chla-anom": 0.3522550020048968,
      "modis-chla": 0.42699980556355677,
      "modis-flr": -0.03424474021097124,
      "modis-k490": 0.4089662770802003,
      "modis-par": 1.0,
      "modis-sst": 0.5976526871875962,
      "sst-anom": -0.16024393890067065
    },
    "modis-sst": {
      "oni": 0.12881530212541148,
      "pdo": 0.1806088587887598,
      "discharge": -0.26656378274560594,
      "da": -0.0041168144269438465,
      "pn": 0.08089071170622313,
      "beuti": 0.27522541834480335,
      "chla-anom": 0.07803855409715967,
      "modis-chla": 0.33219300108335886,
      "modis-flr": 0.038006366936186746,
      "modis-k490": 0.3041824635652,
      "modis-par": 0.5976526871875962,
      "modis-sst": 1.0,
      "sst-anom": 0.017111224718034456
    },
    "sst-anom": {
      "oni": 0.30139720711297713,
      "pdo": 0.41730405005200355,
      "discharge": -0.07396838966072176,
      "da": 0.1917854184918502,
      "pn": 0.025376044003107827,
      "beuti": 0.020826449313172752,
      "chla-anom": -0.1905946593160262,
      "modis-chla": -0.061061743038311814,
      "modis-flr": 0.05599405470361875,
      "modis-k490": -0.020262122588389834,
      "modis-par": -0.16024393890067065,
      "modis-sst": 0.017111224718034456,
      "sst-anom": 1.0
    }
  },
  "columns": [
    "oni",
    "pdo",
    "discharge",
    "da",
    "pn",
    "beuti",
    "chla-anom",
    "modis-chla",
    "modis-flr",
    "modis-k490",
    "modis-par",
    "modis-sst",
    "sst-anom"
  ],
  "site": "Kalaloch"
}