{
  "matrix": {
    "oni": {
      "oni": 1.0,
      "pdo": 0.5264685890643487,
      "discharge": -0.11594426546964315,
      "da": 0.10730419406158023,
      "pn": 0.06121542503720334,
      "beuti": 0.022926596199093614,
      "chla-anom": 0.09979826411314072,
      "modis-chla": 0.034279150394043376,
      "modis-flr": 0.03226676675880561,
      "modis-k490": 0.050271845847835166,
      "modis-par": 0.02919486973498382,
      "modis-sst": 0.15235310730426227,
      "sst-anom": 0.3179158855310673
    },
    "pdo": {
      "oni": 0.5264685890643487,
      "pdo": 1.0,
      "discharge": 0.027151333890868993,
      "da": 0.22402840610933494,
      "pn": 0.15532369097584847,
      "beuti": 0.09917603428278264,
      "chla-anom": 0.14298099641300133,
      "modis-chla": 0.15348822648131194,
      "modis-flr": -0.07740254239375212,
      "modis-k490": 0.08729143126428406,
      "modis-par": 0.1263885241216956,
      "modis-sst": 0.20144583657183104,
      "sst-anom": 0.4405482386170213
    },
    "discharge": {
      "oni": -0.11594426546964315,
      "pdo": 0.027151333890868993,
      "discharge": 1.0,
      "da": -0.03293334725676195,
      "pn": -0.10485050229178339,
      "beuti": -0.04699956901985154,
      "chla-anom": -0.032865057884427354,
      "modis-chla": -0.19397138950170165,
      "modis-flr": -0.2647683302034355,
      "modis-k490": -0.17939711278848283,
      "modis-par": -0.03619067046206482,
      "modis-sst": -0.25901345009454413,
      "sst-anom": -0.09366134808340698
    },
    "da": {
      "oni": 0.10730419406158023,
      "pdo": 0.22402840610933494,
      "discharge": -0.03293334725676195,
      "da": 1.0,
      "pn": 0.14585994740055258,
      "beuti": 0.04568562980703218,
      "chla-anom": 0.0891282106266178,
      "modis-chla": -0.04538808371658192,
      "modis-flr": 0.17951619748904737,
      "modis-k490": -0.04329303411510377,
      "modis-par": -0.10274384630406122,
      "modis-sst": -0.058418099553014996,
      "sst-anom": 0.14878988117642095
    },
    "pn": {
      "oni": 0.06121542503720334,
      "pdo": 0.15532369097584847,
      "discharge": -0.10485050229178339,
      "da": 0.14585994740055258,
      "pn": 1.0,
      "beuti": 0.06448722437607632,
      "chla-anom": 0.12025861412370159,
      "modis-chla": 0.13398225038198652,
      "modis-flr": -0.02931298702005984,
      "modis-k490": 0.07468639760204375,
      "modis-par": 0.13870824620957156,
      "modis-sst": 0.16231567574317404,
      "sst-anom": 0.005847743654824272
    },
    "beuti": {
      "oni": 0.022926596199093614,
      "pdo": 0.09917603428278264,
      "discharge": -0.04699956901985154,
      "da": 0.04568562980703218,
      "pn": 0.06448722437607632,
      "beuti": 1.0,
      "chla-anom": -0.0748017483524276,
      "modis-chla": 0.14267089784564418,
      "modis-flr": 0.08788289151136727,
      "modis-k490": 0.12522981039851921,
      "modis-par": 0.26932336634689197,
      "modis-sst": 0.2612552781502659,
      "sst-anom": 0.0481126190388979
    },
    "chla-anom": {
      "oni": 0.09979826411314072,
      "pdo": 0.14298099641300133,
      "discharge": -0.032865057884427354,
      "da": 0.0891282106266178,
      "pn": 0.12025861412370159,
      "beuti": -0.0748017483524276,
      "chla-anom": 1.0,
      "modis-chla": 0.11198341680933029,
      "modis-flr": -0.14699645170524903,
      "modis-k490": 0.11236475737805672,
      "modis-par": 0.19208085502932953,
      "modis-sst": 0.007490702960586383,
      "sst-anom": -0.062207583868284615
    },
    "modis-chla": {
      "oni": 0.034279150394043376,
      "pdo": 0.15348822648131194,
      "discharge": -0.19397138950170165,
      "da": -0.04538808371658192,
      "pn": 0.13398225038198652,
      "beuti": 0.14267089784564418,
      "chla-anom": 0.11198341680933029,
      "modis-chla": 1.0,
      "modis-flr": 0.10674465347041555,
      "modis-k490": 0.7931089539766877,
      "modis-par": 0.461682336502182,
      "modis-sst": 0.39347568631795105,
      "sst-anom": 0.031450100957215114
    },
    "modis-flr": {
      "oni": 0.03226676675880561,
      "pdo": -0.07740254239375212,
      "discharge": -0.2647683302034355,
      "da": 0.17951619748904737,
      "pn": -0.02931298702005984,
      "beuti": 0.08788289151136727,
      "chla-anom": -0.14699645170524903,
      "modis-chla": 0.10674465347041555,
      "modis-flr": 1.0,
      "modis-k490": 0.14094112120788252,
      "modis-par": 0.07850580652361253,
      "modis-sst": 0.1654150429365901,
      "sst-anom": 0.00989905224767439
    },
    "modis-k490": {
      "oni": 0.050271845847835166,
      "pdo": 0.08729143126428406,
      "discharge": -0.17939711278848283,
      "da": -0.04329303411510377,
      "pn": 0.07468639760204375,
      "beuti": 0.12522981039851921,
      "chla-anom": 0.11236475737805672,
      "modis-chla": 0.7931089539766877,
      "modis-flr": 0.14094112120788252,
      "modis-k490": 1.0,
      "modis-par": 0.5081617582108096,
      "modis-sst": 0.36479544547688314,
      "sst-anom": 0.020088775128572073
    },
    "modis-par": {
      "oni": 0.02919486973498382,
      "pdo": 0.1263885241216956,
      "discharge": -0.03619067046206482,
      "da": -0.10274384630406122,
      "pn": 0.13870824620957156,
      "beuti": 0.26932336634689197,
      "chla-anom": 0.19208085502932953,
      "modis-chla": 0.461682336502182,
      "modis-flr": 0.07850580652361253,
      "modis-k490": 0.5081617582108096,
      "modis-par": 1.0,
      "modis-sst": 0.6551250253865852,
      "sst-anom": -0.17445832596076918
    },
    "modis-sst": {
      "oni": 0.15235310730426227,
      "pdo": 0.20144583657183104,
      "discharge": -0.25901345009454413,
      "da": -0.058418099553014996,
      "pn": 0.16231567574317404,
      "beuti": 0.2612552781502659,
      "chla-anom": 0.007490702960586383,
      "modis-chla": 0.39347568631795105,
      "modis-flr": 0.1654150429365901,
      "modis-k490": 0.36479544547688314,
      "modis-par": 0.6551250253865852,
      "modis-sst": 1.0,
      "sst-anom": 0.042286017278467064
    },
    "sst-anom": {
      "oni": 0.3179158855310673,
      "pdo": 0.4405482386170213,
      "discharge": -0.09366134808340698,
      "da": 0.14878988117642095,
      "pn": 0.005847743654824272,
      "beuti": 0.0481126190388979,
      "chla-anom": -0.062207583868284615,
      "modis-chla": 0.031450100957215114,
      "modis-flr": 0.00989905224767439,
      "modis-k490": 0.020088775128572073,
      "modis-par": -0.17445832596076918,
      "modis-sst": 0.042286017278467064,
      "sst-anom": 1.0
    }
  },
  "columns": [
    "oni",
    "pdo",
    "discharge",
    "da",
    "pn",
    "beuti",
    "chla-anom",
    "modis-chla",
    "modis-flr",
    "modis-k490",
    "modis-par",
    "modis-sst",
    "sst-anom"
  ],
  "site": "Long Beach"
}