{
  "matrix": {
    "oni": {
      "oni": 1.0,
      "pdo": 0.5264685890643487,
      "discharge": -0.11594426546964315,
      "da": -0.025702026326301676,
      "pn": -0.04338831632446681,
      "beuti": 0.031041687839973246,
      "chla-anom": -0.04769534351878727,
      "modis-chla": -0.03366497099598946,
      "modis-flr": -0.030886611996954062,
      "modis-k490": -0.022104373047689294,
      "modis-par": 0.022263046060840976,
      "modis-sst": 0.19890803452678157,
      "sst-anom": 0.31575375932513194
    },
    "pdo": {
      "oni": 0.5264685890643487,
      "pdo": 1.0,
      "discharge": 0.027151333890868993,
      "da": 0.10277012466855674,
      "pn": -0.0812035434815467,
      "beuti": 0.10070425324406604,
      "chla-anom": -0.04387164976927067,
      "modis-chla": 0.08721421928735813,
      "modis-flr": -0.11894827749024571,
      "modis-k490": 0.01529943620382792,
      "modis-par": 0.12220149397606629,
      "modis-sst": 0.2513229675240183,
      "sst-anom": 0.482170622472819
    },
    "discharge": {
      "oni": -0.11594426546964315,
      "pdo": 0.027151333890868993,
      "discharge": 1.0,
      "da": -0.06494401290434304,
      "pn": -0.09220057580492423,
      "beuti": -0.042222106214694806,
      "chla-anom": -0.029904629299342483,
      "modis-chla": -0.19152405826184452,
      "modis-flr": -0.292043874531832,
      "modis-k490": -0.2445555453506408,
      "modis-par": -0.0464109618473844,
      "modis-sst": -0.24217580328590144,
      "sst-anom": 0.03018829712880151
    },
    "da": {
      "oni": -0.025702026326301676,
      "pdo": 0.10277012466855674,
      "discharge": -0.06494401290434304,
      "da": 1.0,
      "pn": 0.020506371721186103,
      "beuti": 0.043080683460876755,
      "chla-anom": -0.14112746652724706,
      "modis-chla": 0.016196200690765817,
      "modis-flr": 0.1409651802766399,
      "modis-k490": -0.02511014754332831,
      "modis-par": -0.01445157629969169,
      "modis-sst": 0.11637719179262328,
      "sst-anom": 0.1102698565373751
    },
    "pn": {
      "oni": -0.04338831632446681,
      "pdo": -0.0812035434815467,
      "discharge": -0.09220057580492423,
      "da": 0.020506371721186103,
      "pn": 1.0,
      "beuti": 0.05050843109649402,
      "chla-anom": -0.03901802692309836,
      "modis-chla": 0.0636281158038178,
      "modis-flr": 0.24149539065622028,
      "modis-k490": 0.09101697247450528,
      "modis-par": 0.14550008993945684,
      "modis-sst": 0.14794492381535418,
      "sst-anom": -0.0331870851274373
    },
    "beuti": {
      "oni": 0.031041687839973246,
      "pdo": 0.10070425324406604,
      "discharge": -0.042222106214694806,
      "da": 0.043080683460876755,
      "pn": 0.05050843109649402,
      "beuti": 1.0,
      "chla-anom": -0.013292844922113913,
      "modis-chla": 0.17494124104817485,
      "modis-flr": 0.08388497214100082,
      "modis-k490": 0.17686635059903885,
      "modis-par": 0.347829208622374,
      "modis-sst": 0.21386903831237722,
      "sst-anom": -0.0024637638614784896
    },
    "chla-anom": {
      "oni": -0.04769534351878727,
      "pdo": -0.04387164976927067,
      "discharge": -0.029904629299342483,
      "da": -0.14112746652724706,
      "pn": -0.03901802692309836,
      "beuti": -0.013292844922113913,
      "chla-anom": 1.0,
      "modis-chla": 0.016440555125453723,
      "modis-flr": -0.10407940775236035,
      "modis-k490": -0.0030670103031895947,
      "modis-par": -0.06476498841928166,
      "modis-sst": -0.08383972098870149,
      "sst-anom": -0.26601637730181854
    },
    "modis-chla": {
      "oni": -0.03366497099598946,
      "pdo": 0.08721421928735813,
      "discharge": -0.19152405826184452,
      "da": 0.016196200690765817,
      "pn": 0.0636281158038178,
      "beuti": 0.17494124104817485,
      "chla-anom": 0.016440555125453723,
      "modis-chla": 1.0,
      "modis-flr": 0.211932289708723,
      "modis-k490": 0.9111689447103393,
      "modis-par": 0.47002945234277144,
      "modis-sst": 0.26257009219834077,
      "sst-anom": -0.09262030158794905
    },
    "modis-flr": {
      "oni": -0.030886611996954062,
      "pdo": -0.11894827749024571,
      "discharge": -0.292043874531832,
      "da": 0.1409651802766399,
      "pn": 0.24149539065622028,
      "beuti": 0.08388497214100082,
      "chla-anom": -0.10407940775236035,
      "modis-chla": 0.211932289708723,
      "modis-flr": 1.0,
      "modis-k490": 0.25007646076950885,
      "modis-par": 0.10544426534108726,
      "modis-sst": 0.02991885142074594,
      "sst-anom": -0.08923449174607774
    },
    "modis-k490": {
      "oni": -0.022104373047689294,
      "pdo": 0.01529943620382792,
      "discharge": -0.2445555453506408,
      "da": -0.02511014754332831,
      "pn": 0.09101697247450528,
      "beuti": 0.17686635059903885,
      "chla-anom": -0.0030670103031895947,
      "modis-chla": 0.9111689447103393,
      "modis-flr": 0.25007646076950885,
      "modis-k490": 1.0,
      "modis-par": 0.45631113801838125,
      "modis-sst": 0.1905010515336452,
      "sst-anom": -0.15711585914691076
    },
    "modis-par": {
      "oni": 0.022263046060840976,
      "pdo": 0.12220149397606629,
      "discharge": -0.0464109618473844,
      "da": -0.01445157629969169,
      "pn": 0.14550008993945684,
      "beuti": 0.347829208622374,
      "chla-anom": -0.06476498841928166,
      "modis-chla": 0.47002945234277144,
      "modis-flr": 0.10544426534108726,
      "modis-k490": 0.45631113801838125,
      "modis-par": 1.0,
      "modis-sst": 0.40577524213854,
      "sst-anom": -0.2684314767869342
    },
    "modis-sst": {
      "oni": 0.19890803452678157,
      "pdo": 0.2513229675240183,
      "discharge": -0.24217580328590144,
      "da": 0.11637719179262328,
      "pn": 0.14794492381535418,
      "beuti": 0.21386903831237722,
      "chla-anom": -0.08383972098870149,
      "modis-chla": 0.26257009219834077,
      "modis-flr": 0.02991885142074594,
      "modis-k490": 0.1905010515336452,
      "modis-par": 0.40577524213854,
      "modis-sst": 1.0,
      "sst-anom": 0.05594986038801335
    },
    "sst-anom": {
      "oni": 0.31575375932513194,
      "pdo": 0.482170622472819,
      "discharge": 0.03018829712880151,
      "da": 0.1102698565373751,
      "pn": -0.0331870851274373,
      "beuti": -0.0024637638614784896,
      "chla-anom": -0.26601637730181854,
      "modis-chla": -0.09262030158794905,
      "modis-flr": -0.08923449174607774,
      "modis-k490": -0.15711585914691076,
      "modis-par": -0.2684314767869342,
      "modis-sst": 0.05594986038801335,
      "sst-anom": 1.0
    }
  },
  "columns": [
    "oni",
    "pdo",
    "discharge",
    "da",
    "pn",
    "beuti",
    "chla-anom",
    "modis-chla",
    "modis-flr",
    "modis-k490",
    "modis-par",
    "modis-sst",
    "sst-anom"
  ],
  "site": "Newport"
}