{
  "matrix": {
    "oni": {
      "oni": 1.0,
      "pdo": 0.5264685890643487,
      "discharge": -0.11594426546964315,
      "da": 0.1762642827872088,
      "pn": -0.0018084106663283116,
      "beuti": 0.02142627310800012,
      "chla-anom": 0.05903378818023249,
      "modis-chla": -0.008651186824708208,
      "modis-flr": 0.05878645922173676,
      "modis-k490": 0.022215763376520065,
      "modis-par": 0.04433815652526302,
      "modis-sst": 0.13561169178148633,
      "sst-anom": 0.3007137962633202
    },
    "pdo": {
      "oni": 0.5264685890643487,
      "pdo": 1.0,
      "discharge": 0.027151333890868993,
      "da": 0.1994700295385398,
      "pn": 0.075179686584335,
      "beuti": 0.0983113302881877,
      "chla-anom": 0.11107456702556515,
      "modis-chla": 0.07430427200870786,
      "modis-flr": -0.07595607550889505,
      "modis-k490": 0.005981090164454112,
      "modis-par": 0.13330279697789954,
      "modis-sst": 0.19638260989105888,
      "sst-anom": 0.4374854610531515
    },
    "discharge": {
      "oni": -0.11594426546964315,
      "pdo": 0.027151333890868993,
      "discharge": 1.0,
      "da": -0.10652851965141052,
      "pn": -0.06370204786013413,
      "beuti": -0.04128374010591272,
      "chla-anom": 0.002471390584974465,
      "modis-chla": -0.1810678839467493,
      "modis-flr": -0.1266054277651719,
      "modis-k490": -0.20392692932487821,
      "modis-par": -0.037196296206493326,
      "modis-sst": -0.2621274056369466,
      "sst-anom": -0.06600594168708637
    },
    "da": {
      "oni": 0.1762642827872088,
      "pdo": 0.1994700295385398,
      "discharge": -0.10652851965141052,
      "da": 1.0,
      "pn": 0.11269453328559047,
      "beuti": 0.08837823219839835,
      "chla-anom": 0.05282551128796504,
      "modis-chla": 0.0004689400139586999,
      "modis-flr": 0.16501519460396952,
      "modis-k490": 0.00020020016247508288,
      "modis-par": 0.06791599322354565,
      "modis-sst": 0.08053681763934413,
      "sst-anom": 0.13487699813334308
    },
    "pn": {
      "oni": -0.0018084106663283116,
      "pdo": 0.075179686584335,
      "discharge": -0.06370204786013413,
      "da": 0.11269453328559047,
      "pn": 1.0,
      "beuti": 0.03850101413359918,
      "chla-anom": 0.05958103340358814,
      "modis-chla": 0.07752893313897753,
      "modis-flr": -0.1338229967525566,
      "modis-k490": 0.08203146273100956,
      "modis-par": 0.13484687465384992,
      "modis-sst": 0.08973774406473599,
      "sst-anom": 0.04613464294362561
    },
    "beuti": {
      "oni": 0.02142627310800012,
      "pdo": 0.0983113302881877,
      "discharge": -0.04128374010591272,
      "da": 0.08837823219839835,
      "pn": 0.03850101413359918,
      "beuti": 1.0,
      "chla-anom": -0.0783515247161134,
      "modis-chla": 0.10004586649562835,
      "modis-flr": 0.056507673960029356,
      "modis-k490": 0.09005056153185445,
      "modis-par": 0.2548652203451422,
      "modis-sst": 0.27432816775559865,
      "sst-anom": 0.031234551677404982
    },
    "chla-anom": {
      "oni": 0.05903378818023249,
      "pdo": 0.11107456702556515,
      "discharge": 0.002471390584974465,
      "da": 0.05282551128796504,
      "pn": 0.05958103340358814,
      "beuti": -0.0783515247161134,
      "chla-anom": 1.0,
      "modis-chla": 0.0006482444104042504,
      "modis-flr": -0.1294839287655528,
      "modis-k490": -0.06242721900628473,
      "modis-par": 0.10180997895678776,
      "modis-sst": -0.07924152638040458,
      "sst-anom": -0.17443520508489832
    },
    "modis-chla": {
      "oni": -0.008651186824708208,
      "pdo": 0.07430427200870786,
      "discharge": -0.1810678839467493,
      "da": 0.0004689400139586999,
      "pn": 0.07752893313897753,
      "beuti": 0.10004586649562835,
      "chla-anom": 0.0006482444104042504,
      "modis-chla": 1.0,
      "modis-flr": -0.06440364785688484,
      "modis-k490": 0.8317069424234029,
      "modis-par": 0.28631702797769354,
      "modis-sst": 0.2967426362683674,
      "sst-anom": -0.02505222603179993
    },
    "modis-flr": {
      "oni": 0.05878645922173676,
      "pdo": -0.07595607550889505,
      "discharge": -0.1266054277651719,
      "da": 0.16501519460396952,
      "pn": -0.1338229967525566,
      "beuti": 0.056507673960029356,
      "chla-anom": -0.1294839287655528,
      "modis-chla": -0.06440364785688484,
      "modis-flr": 1.0,
      "modis-k490": -0.016672985047690537,
      "modis-par": -0.16082314927001778,
      "modis-sst": -0.04322083440720498,
      "sst-anom": 0.07472102974447921
    },
    "modis-k490": {
      "oni": 0.022215763376520065,
      "pdo": 0.005981090164454112,
      "discharge": -0.20392692932487821,
      "da": 0.00020020016247508288,
      "pn": 0.08203146273100956,
      "beuti": 0.09005056153185445,
      "chla-anom": -0.06242721900628473,
      "modis-chla": 0.8317069424234029,
      "modis-flr": -0.016672985047690537,
      "modis-k490": 1.0,
      "modis-par": 0.2745613305106063,
      "modis-sst": 0.24864798260815757,
      "sst-anom": 0.017026891013954194
    },
    "modis-par": {
      "oni": 0.04433815652526302,
      "pdo": 0.13330279697789954,
      "discharge": -0.037196296206493326,
      "da": 0.06791599322354565,
      "pn": 0.13484687465384992,
      "beuti": 0.2548652203451422,
      "chla-anom": 0.10180997895678776,
      "modis-chla": 0.28631702797769354,
      "modis-flr": -0.16082314927001778,
      "modis-k490": 0.2745613305106063,
      "modis-par": 1.0,
      "modis-sst": 0.6034274473472081,
      "sst-anom": -0.16890473015036755
    },
    "modis-sst": {
      "oni": 0.13561169178148633,
      "pdo": 0.19638260989105888,
      "discharge": -0.2621274056369466,
      "da": 0.08053681763934413,
      "pn": 0.08973774406473599,
      "beuti": 0.27432816775559865,
      "chla-anom": -0.07924152638040458,
      "modis-chla": 0.2967426362683674,
      "modis-flr": -0.04322083440720498,
      "modis-k490": 0.24864798260815757,
      "modis-par": 0.6034274473472081,
      "modis-sst": 1.0,
      "sst-anom": 0.010582831157683676
    },
    "sst-anom": {
      "oni": 0.3007137962633202,
      "pdo": 0.4374854610531515,
      "discharge": -0.06600594168708637,
      "da": 0.13487699813334308,
      "pn": 0.04613464294362561,
      "beuti": 0.031234551677404982,
      "chla-anom": -0.17443520508489832,
      "modis-chla": -0.02505222603179993,
      "modis-flr": 0.07472102974447921,
      "modis-k490": 0.017026891013954194,
      "modis-par": -0.16890473015036755,
      "modis-sst": 0.010582831157683676,
      "sst-anom": 1.0
    }
  },
  "columns": [
    "oni",
    "pdo",
    "discharge",
    "da",
    "pn",
    "beuti",
    "chla-anom",
    "modis-chla",
    "modis-flr",
    "modis-k490",
    "modis-par",
    "modis-sst",
    "sst-anom"
  ],
  "site": "Quinault"
}