{
  "matrix": {
    "oni": {
      "oni": 1.0,
      "pdo": 0.5264685890643487,
      "discharge": -0.11594426546964315,
      "da": 0.28004096133350187,
      "pn": 0.052089982890474874,
      "beuti": 0.021571486875417625,
      "chla-anom": 0.07879692124703795,
      "modis-chla": 0.02565152857515666,
      "modis-flr": 0.05468785622257239,
      "modis-k490": 0.05197542602078162,
      "modis-par": 0.02120119781330276,
      "modis-sst": 0.13690024402629333,
      "sst-anom": 0.3068198005086908
    },
    "pdo": {
      "oni": 0.5264685890643487,
      "pdo": 1.0,
      "discharge": 0.027151333890868993,
      "da": 0.29406679957425075,
      "pn": 0.1484248723789847,
      "beuti": 0.09825412816304166,
      "chla-anom": 0.13558460426727312,
      "modis-chla": 0.14313630211760417,
      "modis-flr": -0.0950616233318784,
      "modis-k490": 0.08677608495514098,
      "modis-par": 0.12071975092801647,
      "modis-sst": 0.19130357413321622,
      "sst-anom": 0.4484294212882867
    },
    "discharge": {
      "oni": -0.11594426546964315,
      "pdo": 0.027151333890868993,
      "discharge": 1.0,
      "da": -0.05783120214204968,
      "pn": -0.10392596504741783,
      "beuti": -0.04179244632696717,
      "chla-anom": -0.09279765052800042,
      "modis-chla": -0.19431248681341523,
      "modis-flr": -0.2744549117656734,
      "modis-k490": -0.20255337558818584,
      "modis-par": -0.030401713177194985,
      "modis-sst": -0.2667273404012333,
      "sst-anom": -0.0615758639630277
    },
    "da": {
      "oni": 0.28004096133350187,
      "pdo": 0.29406679957425075,
      "discharge": -0.05783120214204968,
      "da": 1.0,
      "pn": 0.16961059100157902,
      "beuti": 0.07085766262189336,
      "chla-anom": 0.05745854095938357,
      "modis-chla": -0.029682256980687348,
      "modis-flr": 0.15337447664303527,
      "modis-k490": -0.006201922223462231,
      "modis-par": -0.03401486660353406,
      "modis-sst": -0.0004811091452101106,
      "sst-anom": 0.21226415972925922
    },
    "pn": {
      "oni": 0.052089982890474874,
      "pdo": 0.1484248723789847,
      "discharge": -0.10392596504741783,
      "da": 0.16961059100157902,
      "pn": 1.0,
      "beuti": 0.06445127432031034,
      "chla-anom": 0.09810526455806973,
      "modis-chla": 0.13059008403062602,
      "modis-flr": -0.05275308761945189,
      "modis-k490": 0.08481305628869451,
      "modis-par": 0.14008889035833913,
      "modis-sst": 0.1548620476530451,
      "sst-anom": 0.05296558569418822
    },
    "beuti": {
      "oni": 0.021571486875417625,
      "pdo": 0.09825412816304166,
      "discharge": -0.04179244632696717,
      "da": 0.07085766262189336,
      "pn": 0.06445127432031034,
      "beuti": 1.0,
      "chla-anom": -0.014584023842397681,
      "modis-chla": 0.14244727615105118,
      "modis-flr": 0.09373040214932198,
      "modis-k490": 0.12386715481211921,
      "modis-par": 0.2674202846356333,
      "modis-sst": 0.2851212731751379,
      "sst-anom": 0.04868199401726806
    },
    "chla-anom": {
      "oni": 0.07879692124703795,
      "pdo": 0.13558460426727312,
      "discharge": -0.09279765052800042,
      "da": 0.05745854095938357,
      "pn": 0.09810526455806973,
      "beuti": -0.014584023842397681,
      "chla-anom": 1.0,
      "modis-chla": 0.0497179259416169,
      "modis-flr": -0.050204981875481884,
      "modis-k490": 0.01421589823500662,
      "modis-par": 0.07118064496549716,
      "modis-sst": 0.009637120221402645,
      "sst-anom": -0.12925914582780848
    },
    "modis-chla": {
      "oni": 0.02565152857515666,
      "pdo": 0.14313630211760417,
      "discharge": -0.19431248681341523,
      "da": -0.029682256980687348,
      "pn": 0.13059008403062602,
      "beuti": 0.14244727615105118,
      "chla-anom": 0.0497179259416169,
      "modis-chla": 1.0,
      "modis-flr": 0.04580597305357151,
      "modis-k490": 0.851271922147117,
      "modis-par": 0.4558203344310393,
      "modis-sst": 0.3963952083328045,
      "sst-anom": 0.006809404186949965
    },
    "modis-flr": {
      "oni": 0.05468785622257239,
      "pdo": -0.0950616233318784,
      "discharge": -0.2744549117656734,
      "da": 0.15337447664303527,
      "pn": -0.05275308761945189,
      "beuti": 0.09373040214932198,
      "chla-anom": -0.050204981875481884,
      "modis-chla": 0.04580597305357151,
      "modis-flr": 1.0,
      "modis-k490": 0.06079470951832078,
      "modis-par": 0.04551655446814494,
      "modis-sst": 0.15655088297036435,
      "sst-anom": -0.0023083102270429223
    },
    "modis-k490": {
      "oni": 0.05197542602078162,
      "pdo": 0.08677608495514098,
      "discharge": -0.20255337558818584,
      "da": -0.006201922223462231,
      "pn": 0.08481305628869451,
      "beuti": 0.12386715481211921,
      "chla-anom": 0.01421589823500662,
      "modis-chla": 0.851271922147117,
      "modis-flr": 0.06079470951832078,
      "modis-k490": 1.0,
      "modis-par": 0.45447527506090574,
      "modis-sst": 0.33579491641948506,
      "sst-anom": -0.009901717861375768
    },
    "modis-par": {
      "oni": 0.02120119781330276,
      "pdo": 0.12071975092801647,
      "discharge": -0.030401713177194985,
      "da": -0.03401486660353406,
      "pn": 0.14008889035833913,
      "beuti": 0.2674202846356333,
      "chla-anom": 0.07118064496549716,
      "modis-chla": 0.4558203344310393,
      "modis-flr": 0.04551655446814494,
      "modis-k490": 0.45447527506090574,
      "modis-par": 1.0,
      "modis-sst": 0.6223596747693899,
      "sst-anom": -0.14810190467526693
    },
    "modis-sst": {
      "oni": 0.13690024402629333,
      "pdo": 0.19130357413321622,
      "discharge": -0.2667273404012333,
      "da": -0.0004811091452101106,
      "pn": 0.1548620476530451,
      "beuti": 0.2851212731751379,
      "chla-anom": 0.009637120221402645,
      "modis-chla": 0.3963952083328045,
      "modis-flr": 0.15655088297036435,
      "modis-k490": 0.33579491641948506,
      "modis-par": 0.6223596747693899,
      "modis-sst": 1.0,
      "sst-anom": 0.04005778512077434
    },
    "sst-anom": {
      "oni": 0.3068198005086908,
      "pdo": 0.4484294212882867,
      "discharge": -0.0615758639630277,
      "da": 0.21226415972925922,
      "pn": 0.05296558569418822,
      "beuti": 0.04868199401726806,
      "chla-anom": -0.12925914582780848,
      "modis-chla": 0.006809404186949965,
      "modis-flr": -0.0023083102270429223,
      "modis-k490": -0.009901717861375768,
      "modis-par": -0.14810190467526693,
      "modis-sst": 0.04005778512077434,
      "sst-anom": 1.0
    }
  },
  "columns": [
    "oni",
    "pdo",
    "discharge",
    "da",
    "pn",
    "beuti",
    "chla-anom",
    "modis-chla",
    "modis-flr",
    "modis-k490",
    "modis-par",
    "modis-sst",
    "sst-anom"
  ],
  "site": "Twin Harbors"
}